TravelUUID;TravelID;to_Agency_AgencyID;to_Customer_CustomerID;BeginDate;EndDate;BookingFee;TotalPrice;CurrencyCode_code;Description;TravelStatus_code;createdBy;createdAt;LastChangedBy;LastChangedAt
52657221A8E4645C17002DF03754AB66;00000001;070007;000608;2021-11-06;2021-11-06;20.00;900.00;USD;Business Trip for Christine, Pierre;O;Meier;2021-10-20T19:54:13Z;Lindwurm;2021-10-22T20:07:58Z
53657221A8E4645C17002DF03754AB66;00000002;070046;000093;2021-11-06;2022-09-04;80.00;4164.00;USD;Vacation;O;Detemple;2021-10-02T22:05:32Z;Mustermann;2021-10-21T02:37:18Z
54657221A8E4645C17002DF03754AB66;00000003;070042;000665;2021-11-06;2022-09-04;40.00;1871.00;USD;Vacation;O;Rahn;2021-10-16T04:32:59Z;Hoffen;2021-11-02T21:16:11Z
55657221A8E4645C17002DF03754AB66;00000004;070007;000225;2021-11-06;2021-11-06;20.00;992.00;USD;Business Trip for Kurt, Ida;O;Sessler;2021-10-19T06:57:58Z;Heller;2021-10-21T14:57:59Z
56657221A8E4645C17002DF03754AB66;00000005;070049;000072;2021-11-06;2022-09-04;120.00;5586.00;USD;Vacation;O;Neubasler;2021-10-11T12:58:58Z;Illner;2021-10-31T02:09:43Z
57657221A8E4645C17002DF03754AB66;00000006;070046;000138;2021-11-06;2022-09-04;120.00;5691.00;USD;Vacation;O;Mechler;2021-10-02T03:29:47Z;Koslowski;2021-10-21T05:57:06Z
58657221A8E4645C17002DF03754AB66;00000007;070012;000705;2021-11-06;2021-11-08;60.00;2777.00;USD;Vacation for Lothar, Ulla, Thilo,;O;Illner;2021-10-02T22:08:00Z;Fischer;2021-10-06T12:48:17Z
59657221A8E4645C17002DF03754AB66;00000008;070032;000115;2021-11-06;2022-09-04;120.00;5792.00;USD;Visiting Anna;A;Mustermann;2021-10-02T22:54:38Z;ANZEIGER;2022-01-31T14:40:44Z
5A657221A8E4645C17002DF03754AB66;00000009;070016;000697;2021-11-06;2021-11-08;20.00;959.00;USD;Business Trip to USA;O;Mustermann;2021-10-06T22:57:30Z;Mustermann;2021-10-12T22:47:52Z
5B657221A8E4645C17002DF03754AB66;00000010;070005;000582;2021-11-06;2021-11-06;20.00;959.00;USD;Vacation;O;Benz;2021-10-20T16:02:21Z;Gueldenpfenn;2021-10-22T02:39:47Z
5C657221A8E4645C17002DF03754AB66;00000011;070028;000583;2021-11-06;2022-09-02;90.00;4304.00;USD;Sightseeing in Miami, Florida;A;Mustermann;2021-10-22T22:56:40Z;Becker;2021-11-02T23:50:12Z
5D657221A8E4645C17002DF03754AB66;00000012;070014;000004;2021-11-06;2021-11-08;40.00;2014.00;USD;Vacation for Thomas, Jasmin,;O;Mustermann;2021-10-03T01:45:44Z;Martin;2021-10-08T21:40:23Z
5E657221A8E4645C17002DF03754AB66;00000013;070010;000667;2021-11-06;2021-11-06;10.00;544.00;USD;Business Trip for Anna;O;Matthaeus;2021-10-06T18:23:25Z;Deichgraeber;2021-10-09T10:44:28Z
5F657221A8E4645C17002DF03754AB66;00000014;070028;000466;2021-11-06;2022-09-02;60.00;3001.00;USD;Sightseeing in Miami, Florida;A;Deichgraeber;2021-10-04T06:10:18Z;Buehler;2021-10-15T18:39:10Z
60657221A8E4645C17002DF03754AB66;00000015;070050;000640;2021-11-06;2022-09-04;120.00;5937.00;USD;Vacation;O;Barth;2021-10-08T23:01:18Z;Buchholm;2021-10-29T02:42:47Z
61657221A8E4645C17002DF03754AB66;00000016;070048;000478;2021-11-06;2022-09-04;120.00;6087.00;USD;Vacation;O;Delon;2021-10-05T01:02:08Z;Martin;2021-10-25T09:16:52Z
62657221A8E4645C17002DF03754AB66;00000017;070050;000264;2021-11-06;2022-09-04;80.00;4040.00;USD;Vacation;O;Rahn;2021-10-08T14:49:49Z;Montero;2021-10-28T20:05:59Z
63657221A8E4645C17002DF03754AB66;00000018;070049;000155;2021-11-06;2022-09-04;40.00;2042.00;USD;Vacation;O;Prinz;2021-10-07T20:19:45Z;Sisko;2021-10-27T18:41:07Z
64657221A8E4645C17002DF03754AB66;00000019;070049;000680;2021-11-06;2022-09-04;120.00;6272.00;USD;Vacation;O;Mustermann;2021-10-09T11:02:39Z;Babilon;2021-10-29T22:57:29Z
65657221A8E4645C17002DF03754AB66;00000020;070008;000552;2021-11-06;2021-11-06;10.00;586.00;USD;Business Trip for Kristina;O;Domenech;2021-10-08T18:22:12Z;Deichgraeber;2021-10-11T14:26:07Z
66657221A8E4645C17002DF03754AB66;00000021;070037;000540;2021-11-06;2022-09-04;40.00;2255.00;USD;Business Trip;A;Jeremias;2021-10-06T07:47:02Z;Marshall;2021-10-20T23:45:03Z
67657221A8E4645C17002DF03754AB66;00000022;070049;000542;2021-11-06;2022-09-04;40.00;2365.00;USD;Vacation;O;Kirk;2021-10-04T04:29:27Z;Koller;2021-10-24T19:11:24Z
68657221A8E4645C17002DF03754AB66;00000023;070050;000346;2021-11-06;2022-09-04;120.00;6610.00;USD;Vacation;O;Leisert;2021-10-02T15:38:47Z;Sommer;2021-10-22T21:26:29Z
69657221A8E4645C17002DF03754AB66;00000024;070048;000478;2021-11-06;2022-09-04;40.00;2213.00;USD;Vacation;O;Moyano;2021-10-20T08:45:48Z;D´Oultrement;2021-11-09T16:42:55Z
6A657221A8E4645C17002DF03754AB66;00000025;070006;000220;2021-11-06;2021-11-06;20.00;1245.00;USD;Business Trip for Cindy, Ulla;O;Lautenbach;2021-10-12T16:40:00Z;Sudhoff;2021-10-14T17:16:42Z
6B657221A8E4645C17002DF03754AB66;00000026;070025;000515;2021-11-06;2022-09-02;60.00;3544.00;USD;Vacation to USA;O;Sudhoff;2021-10-22T10:09:38Z;Cesari;2021-11-01T17:39:42Z
6C657221A8E4645C17002DF03754AB66;00000027;070040;000024;2021-11-06;2022-09-04;80.00;4524.00;USD;Business Trip;O;D´Oultrement;2021-10-20T09:29:46Z;Delon;2021-11-05T09:07:27Z
6D657221A8E4645C17002DF03754AB66;00000028;070041;000202;2021-11-06;2022-09-04;40.00;2419.00;USD;Vacation;O;Domenech;2021-10-21T03:20:52Z;Hansmann;2021-11-06T15:57:34Z
6E657221A8E4645C17002DF03754AB66;00000029;070015;000636;2021-11-06;2021-11-08;20.00;1285.00;USD;Vacation for Cindy,;O;Hansmann;2021-10-14T06:13:01Z;Buehler;2021-10-20T03:35:48Z
6F657221A8E4645C17002DF03754AB66;00000030;070008;000071;2021-11-06;2021-11-06;20.00;1348.00;USD;Business Trip for Andrej, Anna;O;Schneider;2021-10-13T18:15:49Z;Deichgraeber;2021-10-15T15:45:49Z
70657221A8E4645C17002DF03754AB66;00000031;070001;000599;2021-11-06;2021-11-06;20.00;1406.00;USD;Vacation;O;Jeremias;2021-10-13T06:41:24Z;Heller;2021-10-12T23:30:56Z
71657221A8E4645C17002DF03754AB66;00000032;070022;000506;2021-11-06;2022-09-02;90.00;5624.00;USD;Vacation to USA;O;Mechler;2021-10-12T19:57:34Z;Sisko;2021-10-20T05:53:25Z
72657221A8E4645C17002DF03754AB66;00000033;070006;000358;2021-11-06;2021-11-06;20.00;1465.00;USD;Business Trip for Ulla, Fabio;O;Gutenberg;2021-10-08T02:08:45Z;Benz;2021-10-10T00:32:09Z
73657221A8E4645C17002DF03754AB66;00000034;070046;000026;2021-11-06;2022-09-04;80.00;5025.00;USD;Vacation;O;Neubasler;2021-10-03T22:15:48Z;Fischer;2021-10-22T01:08:13Z
74657221A8E4645C17002DF03754AB66;00000035;070032;000320;2021-11-06;2022-09-04;80.00;5173.00;USD;Visiting Simon;A;Pan;2021-10-08T18:15:19Z;Pan;2021-10-21T18:50:59Z
75657221A8E4645C17002DF03754AB66;00000036;070040;000154;2021-11-06;2022-09-04;40.00;2654.00;USD;Business Trip;O;Sommer;2021-10-08T02:14:00Z;Detemple;2021-10-24T15:48:17Z
76657221A8E4645C17002DF03754AB66;00000037;070044;000558;2021-11-06;2022-09-04;120.00;8008.00;USD;Vacation;O;Heller;2021-10-13T17:20:54Z;Lautenbach;2021-10-31T07:55:13Z
77657221A8E4645C17002DF03754AB66;00000038;070048;000027;2022-09-02;2022-09-04;60.00;3601.00;USD;Vacation;O;Müller;2022-01-04T11:15:57Z;Matthaeus;2022-01-24T22:11:50Z
78657221A8E4645C17002DF03754AB66;00000039;070026;000357;2022-09-02;2022-09-04;20.00;1324.00;USD;Sightseeing in Miami, Florida;A;Jeremias;2022-01-04T15:28:59Z;Domenech;2022-01-14T00:36:46Z
79657221A8E4645C17002DF03754AB66;00000040;070033;000334;2022-09-02;2022-09-04;60.00;3800.00;USD;Visiting Anna;A;Kreiss;2022-01-04T03:49:47Z;Detemple;2022-01-17T10:21:04Z
7A657221A8E4645C17002DF03754AB66;00000041;070040;000579;2022-09-02;2022-09-04;60.00;3854.00;USD;Business Trip;O;Jacqmain;2022-01-04T05:32:43Z;Koller;2022-01-20T09:35:35Z
7B657221A8E4645C17002DF03754AB66;00000042;070002;000201;2022-09-02;2022-09-02;20.00;1323.00;USD;Vacation;O;Lautenbach;2022-01-04T01:17:40Z;Gutenberg;2022-01-04T18:55:41Z
7C657221A8E4645C17002DF03754AB66;00000043;070019;000514;2022-09-02;2022-09-04;40.00;2826.00;USD;Business Trip to USA;O;Prinz;2022-01-04T00:45:33Z;Jeremias;2022-01-11T19:45:23Z
7D657221A8E4645C17002DF03754AB66;00000044;070043;000003;2022-09-02;2022-09-04;20.00;1454.00;USD;Vacation;O;Koslowski;2022-01-04T09:34:31Z;Hunter;2022-01-21T04:22:12Z
7E657221A8E4645C17002DF03754AB66;00000045;070011;000518;2022-09-02;2022-09-04;20.00;1418.00;USD;Vacation for Walter,;O;Matthaeus;2022-01-04T10:03:21Z;Trensch;2022-01-08T11:04:24Z
7F657221A8E4645C17002DF03754AB66;00000046;070047;000119;2022-09-02;2022-09-04;20.00;1398.00;USD;Vacation;O;Kreiss;2022-01-04T11:46:21Z;Matthaeus;2022-01-23T10:31:35Z
80657221A8E4645C17002DF03754AB66;00000047;070035;000469;2022-09-02;2022-09-04;60.00;4210.00;USD;Visiting Holm;A;Montero;2022-01-04T19:07:09Z;Prinz;2022-01-18T15:56:57Z
81657221A8E4645C17002DF03754AB66;00000048;070034;000564;2022-09-02;2022-09-04;40.00;2947.00;USD;Visiting Dominik;A;Schneider;2022-01-04T22:28:23Z;Rahn;2022-01-18T17:34:23Z
82657221A8E4645C17002DF03754AB66;00000049;070020;000248;2022-09-02;2022-09-04;20.00;1532.00;USD;Business Trip to USA;O;Lautenbach;2022-01-04T19:20:23Z;Deichgraeber;2022-01-12T18:00:43Z
83657221A8E4645C17002DF03754AB66;00000050;070038;000639;2022-09-02;2022-09-04;20.00;1561.00;USD;Business Trip;O;Mechler;2022-01-04T16:47:26Z;Schneider;2022-01-19T06:09:55Z
84657221A8E4645C17002DF03754AB66;00000051;070038;000427;2022-09-02;2022-09-04;40.00;3146.00;USD;Business Trip;A;Moyano;2022-01-04T00:31:37Z;Buchholm;2022-01-19T16:18:51Z
85657221A8E4645C17002DF03754AB66;00000052;070038;000163;2022-09-02;2022-09-04;20.00;1584.00;USD;Business Trip;A;Domenech;2022-01-04T17:36:28Z;Eichbaum;2022-01-19T15:09:07Z
86657221A8E4645C17002DF03754AB66;00000053;070024;000013;2022-09-02;2022-09-04;60.00;5061.00;USD;Vacation to USA;O;Hansmann;2022-01-04T15:39:31Z;Montero;2022-01-13T03:15:20Z
87657221A8E4645C17002DF03754AB66;00000054;070020;000186;2022-09-02;2022-09-04;40.00;3276.00;USD;Business Trip to USA;O;Detemple;2022-01-04T10:44:59Z;Trensch;2022-01-12T02:41:42Z
88657221A8E4645C17002DF03754AB66;00000055;070022;000369;2022-09-02;2022-09-04;40.00;3437.00;USD;Vacation to USA;O;Babilon;2022-01-04T18:05:54Z;Ryan;2022-01-12T11:27:43Z
89657221A8E4645C17002DF03754AB66;00000056;070033;000509;2022-09-04;2022-09-04;30.00;2697.00;USD;Visiting Jean;A;Mustermann;2022-01-04T13:54:33Z;Gahl;2022-01-17T23:13:30Z
8A657221A8E4645C17002DF03754AB66;00000057;070009;000423;2022-09-02;2022-09-02;10.00;876.00;USD;Business Trip for Siegfried;O;Henry;2022-01-04T21:49:27Z;Sisko;2022-01-07T08:09:30Z
8B657221A8E4645C17002DF03754AB66;00000058;070009;000101;2022-09-04;2022-09-04;20.00;1913.00;USD;Business Trip for Peter, Astrid;O;Benjamin;2022-01-04T19:59:26Z;Deichgraeber;2022-01-07T14:32:32Z
8C657221A8E4645C17002DF03754AB66;00000059;070016;000555;2022-09-04;2022-09-04;20.00;1861.00;USD;Business Trip to USA;O;Hoffen;2022-01-04T00:26:36Z;Vrsic;2022-01-10T05:04:51Z
8D657221A8E4645C17002DF03754AB66;00000060;070036;000168;2022-09-04;2022-09-04;20.00;1915.00;USD;Business Trip;A;Sudhoff;2022-01-04T19:57:58Z;Pan;2022-01-18T18:06:29Z
8E657221A8E4645C17002DF03754AB66;00000061;070040;000590;2022-09-04;2022-09-04;20.00;1946.00;USD;Business Trip;O;Goelke;2022-01-04T19:46:58Z;Pan;2022-01-20T06:00:02Z
8F657221A8E4645C17002DF03754AB66;00000062;070002;000243;2022-09-04;2022-09-04;20.00;1987.00;USD;Vacation;O;Babilon;2022-01-04T22:52:40Z;Leisert;2022-01-04T12:49:21Z
90657221A8E4645C17002DF03754AB66;00000063;070016;000593;2022-09-04;2022-09-04;30.00;3032.00;USD;Business Trip to USA;O;Schneider;2022-01-04T09:23:51Z;Hunter;2022-01-10T16:05:20Z
91657221A8E4645C17002DF03754AB66;00000064;070014;000010;2022-09-02;2022-09-04;20.00;1985.00;USD;Vacation for Irmtraut,;O;Madeira;2022-01-04T10:48:39Z;Delon;2022-01-09T21:15:02Z
92657221A8E4645C17002DF03754AB66;00000065;070044;000677;2022-09-04;2022-09-04;20.00;2171.00;USD;Vacation;O;Mustermann;2022-01-04T13:54:07Z;Benjamin;2022-01-22T23:25:44Z
93657221A8E4645C17002DF03754AB66;00000066;070003;000661;2021-11-08;2021-11-08;10.00;729.00;USD;Vacation;O;Illner;2021-10-04T02:15:05Z;Benz;2021-10-04T12:10:58Z
94657221A8E4645C17002DF03754AB66;00000067;070008;000183;2021-11-08;2021-11-08;20.00;1450.00;USD;Business Trip for Ludwig, Ulla;O;Barth;2021-10-17T17:08:48Z;Lautenbach;2021-10-20T02:08:16Z
95657221A8E4645C17002DF03754AB66;00000068;070005;000345;2021-11-08;2021-11-08;30.00;2231.00;USD;Vacation;O;Benz;2021-10-23T04:34:37Z;Hoffen;2021-10-25T02:52:04Z
96657221A8E4645C17002DF03754AB66;00000069;070050;000719;2021-11-08;2021-11-08;20.00;1543.00;USD;Vacation;O;Goelke;2021-10-07T18:08:40Z;Deichgraeber;2021-10-27T05:32:00Z
97657221A8E4645C17002DF03754AB66;00000070;070042;000050;2021-11-08;2021-11-08;10.00;804.00;USD;Vacation;O;Kirk;2021-10-08T22:37:26Z;Fischer;2021-10-25T19:51:32Z
98657221A8E4645C17002DF03754AB66;00000071;070042;000605;2021-11-08;2021-11-08;20.00;1638.00;USD;Vacation;O;Goelke;2021-10-12T06:30:08Z;Simonen;2021-10-29T05:21:11Z
99657221A8E4645C17002DF03754AB66;00000072;070035;000427;2021-11-08;2021-11-08;20.00;1678.00;USD;Visiting Allen;A;Pan;2021-10-12T06:04:45Z;Buehler;2021-10-26T18:24:22Z
9A657221A8E4645C17002DF03754AB66;00000073;070007;000209;2021-11-08;2021-11-08;30.00;2604.00;USD;Business Trip for August, Anna, Holm;O;Dumbach;2021-10-12T23:07:15Z;Buchholm;2021-10-15T04:14:02Z
9B657221A8E4645C17002DF03754AB66;00000074;070016;000495;2021-11-08;2021-11-08;30.00;2667.00;USD;Business Trip to USA;O;Leisert;2021-10-09T04:14:49Z;Koller;2021-10-15T21:11:30Z
9C657221A8E4645C17002DF03754AB66;00000075;070039;000549;2021-11-08;2021-11-08;10.00;921.00;USD;Business Trip;O;Marshall;2021-10-05T20:02:49Z;Meier;2021-10-21T07:25:58Z
9D657221A8E4645C17002DF03754AB66;00000076;070048;000409;2021-11-08;2021-11-08;20.00;1868.00;USD;Vacation;O;Wohl;2021-10-10T19:56:02Z;Kirk;2021-10-29T03:54:18Z
9E657221A8E4645C17002DF03754AB66;00000077;070025;000152;2021-11-08;2021-11-08;30.00;2855.00;USD;Vacation to USA;O;Goelke;2021-10-18T21:29:32Z;Müller;2021-10-28T05:29:14Z
9F657221A8E4645C17002DF03754AB66;00000078;070002;000257;2021-11-08;2021-11-08;30.00;3117.00;USD;Vacation;O;Weiss;2021-10-10T17:54:20Z;Ryan;2021-10-10T13:20:53Z
A0657221A8E4645C17002DF03754AB66;00000079;070034;000387;2021-11-08;2021-11-08;20.00;2061.00;USD;Visiting Matthias;A;Cesari;2021-10-09T22:06:09Z;Fischer;2021-10-22T10:22:01Z
A1657221A8E4645C17002DF03754AB66;00000080;070022;000260;2021-11-08;2021-11-08;10.00;1060.00;USD;Vacation to USA;O;Marshall;2021-10-16T00:23:12Z;Fischmann;2021-10-25T07:46:52Z
A2657221A8E4645C17002DF03754AB66;00000081;070007;000113;2021-11-08;2021-11-08;30.00;3274.00;USD;Business Trip for Allen, Roland, Ulla;O;Lindwurm;2021-10-09T18:24:29Z;Prinz;2021-10-11T18:14:16Z
A3657221A8E4645C17002DF03754AB66;00000082;070020;000415;2021-11-08;2021-11-08;30.00;3341.00;USD;Business Trip to USA;O;Benjamin;2021-10-13T13:07:29Z;Miguel;2021-10-21T13:05:13Z
A4657221A8E4645C17002DF03754AB66;00000083;070011;000246;2021-11-08;2021-11-08;30.00;3413.00;USD;Vacation for Achim, Irene, Christine;O;Illner;2021-10-17T16:57:39Z;Gueldenpfenn;2021-10-21T12:56:57Z
A5657221A8E4645C17002DF03754AB66;00000084;070039;000283;2021-11-08;2021-11-08;30.00;3793.00;USD;Business Trip;O;Rahn;2021-10-20T15:03:26Z;Sommer;2021-11-05T22:34:45Z
A6657221A8E4645C17002DF03754AB66;00000085;070003;000227;2021-11-08;2021-11-08;20.00;2489.00;USD;Vacation;O;Mechler;2021-10-13T15:21:03Z;Moyano;2021-10-14T05:14:33Z
A7657221A8E4645C17002DF03754AB66;00000086;070040;000629;2021-11-08;2021-11-08;30.00;3938.00;USD;Business Trip;O;Lautenbach;2021-10-13T08:00:24Z;D´Oultrement;2021-10-29T17:49:19Z
A8657221A8E4645C17002DF03754AB66;00000087;070002;000439;2021-11-08;2021-11-08;20.00;2671.00;USD;Vacation;O;Lautenbach;2021-10-23T12:10:48Z;Pratt;2021-10-23T17:02:54Z
A9657221A8E4645C17002DF03754AB66;00000088;070010;000192;2021-11-08;2021-11-08;10.00;1346.00;USD;Business Trip for Jasmin;O;Jacqmain;2021-10-16T03:43:07Z;Koller;2021-10-19T08:38:15Z
AA657221A8E4645C17002DF03754AB66;00000089;070021;000248;2021-11-08;2021-11-08;10.00;1381.00;USD;Vacation to USA;O;Gahl;2021-10-23T11:27:22Z;Kramer;2021-10-31T13:38:29Z
AB657221A8E4645C17002DF03754AB66;00000090;070025;000477;2021-11-08;2021-11-08;20.00;2806.00;USD;Vacation to USA;O;Columbo;2021-10-17T08:17:17Z;D´Oultrement;2021-10-27T00:32:43Z
AC657221A8E4645C17002DF03754AB66;00000091;070023;000502;2021-11-08;2021-11-08;20.00;2856.00;USD;Vacation to USA;O;Gutenberg;2021-10-13T07:11:48Z;Marshall;2021-10-22T00:44:37Z
AD657221A8E4645C17002DF03754AB66;00000092;070023;000545;2021-11-08;2021-11-08;10.00;1506.00;USD;Vacation to USA;O;Kramer;2021-10-12T13:11:23Z;Benjamin;2021-10-21T11:41:18Z
AE657221A8E4645C17002DF03754AB66;00000093;070025;000720;2021-11-08;2021-11-08;20.00;3031.00;USD;Vacation to USA;O;Ryan;2021-10-08T07:37:48Z;Marshall;2021-10-18T17:22:20Z
AF657221A8E4645C17002DF03754AB66;00000094;070033;000525;2021-11-08;2021-11-08;20.00;3019.00;USD;Visiting Harish;A;Leisert;2021-10-17T22:04:22Z;Mustermann;2021-10-30T21:46:40Z
B0657221A8E4645C17002DF03754AB66;00000095;070040;000167;2021-11-08;2021-11-08;20.00;3211.00;USD;Business Trip;O;Detemple;2021-10-05T02:46:18Z;Benz;2021-10-21T02:55:27Z
B1657221A8E4645C17002DF03754AB66;00000096;070036;000665;2021-11-02;2021-11-05;80.00;21693.00;EUR;Business Trip;A;Gahl;2021-09-28T08:26:29Z;D´Oultrement;2021-10-12T12:29:54Z
B2657221A8E4645C17002DF03754AB66;00000097;070047;000111;2021-11-08;2021-11-08;10.00;1605.00;USD;Vacation;O;Cesari;2021-10-16T08:18:06Z;Jacqmain;2021-11-04T11:26:45Z
B3657221A8E4645C17002DF03754AB66;00000098;070038;000367;2021-11-02;2021-11-05;40.00;10907.00;EUR;Business Trip;O;Buchholm;2021-10-09T16:30:52Z;Gueldenpfenn;2021-10-23T23:30:23Z
B4657221A8E4645C17002DF03754AB66;00000099;070041;000602;2021-11-02;2022-08-31;50.00;14299.00;EUR;Vacation;O;Henry;2021-10-11T08:47:55Z;Jacqmain;2021-10-27T07:49:21Z
B5657221A8E4645C17002DF03754AB66;00000100;070014;000337;2021-11-02;2021-11-03;20.00;4044.00;EUR;Vacation for Lothar,;O;Hansmann;2021-10-09T21:22:08Z;Rahn;2021-10-14T02:38:32Z
B6657221A8E4645C17002DF03754AB66;00000101;070036;000392;2021-11-02;2021-11-05;120.00;32492.00;EUR;Business Trip;A;Prinz;2021-09-30T09:31:56Z;Kreiss;2021-10-14T18:48:11Z
B7657221A8E4645C17002DF03754AB66;00000102;070034;000326;2021-11-02;2021-11-05;80.00;21749.00;EUR;Visiting Pierre;A;Heller;2021-10-16T19:56:14Z;Picard;2021-10-30T06:21:59Z
B8657221A8E4645C17002DF03754AB66;00000103;070001;000440;2021-11-02;2021-11-02;10.00;1597.00;EUR;Vacation;O;Kramer;2021-10-11T13:33:23Z;Weiss;2021-10-11T11:52:00Z
B9657221A8E4645C17002DF03754AB66;00000104;070033;000078;2021-11-02;2021-11-05;40.00;10809.00;EUR;Visiting Holm;A;Hansmann;2021-10-05T01:35:28Z;Detemple;2021-10-18T02:37:46Z
BA657221A8E4645C17002DF03754AB66;00000105;070036;000701;2021-11-02;2021-11-05;80.00;21636.00;EUR;Business Trip;A;Miguel;2021-10-03T10:18:01Z;Cesari;2021-10-17T13:12:32Z
BB657221A8E4645C17002DF03754AB66;00000106;070009;000565;2021-11-02;2021-11-02;20.00;3130.00;EUR;Business Trip for Thomas, Uli;O;Waldmann;2021-10-17T07:13:11Z;Henry;2021-10-20T05:28:54Z
BC657221A8E4645C17002DF03754AB66;00000107;070033;000712;2021-11-02;2021-11-05;40.00;10950.00;EUR;Visiting Juan;A;Domenech;2021-09-29T11:11:26Z;Kramer;2021-10-12T14:50:53Z
BD657221A8E4645C17002DF03754AB66;00000108;070006;000633;2021-11-02;2021-11-02;10.00;1567.00;EUR;Business Trip for Andreas;O;Sommer;2021-10-07T16:10:14Z;Eichbaum;2021-10-09T15:13:08Z
BE657221A8E4645C17002DF03754AB66;00000109;070023;000495;2021-11-02;2021-11-04;60.00;14804.00;EUR;Vacation to Germany;O;Sudhoff;2021-10-15T22:26:28Z;Fischer;2021-10-24T16:13:47Z
BF657221A8E4645C17002DF03754AB66;00000110;070025;000253;2021-11-02;2021-11-04;30.00;7401.00;EUR;Vacation to Germany;O;Trensch;2021-10-09T16:55:38Z;Eichbaum;2021-10-19T09:18:05Z
C0657221A8E4645C17002DF03754AB66;00000111;070039;000292;2021-11-02;2021-11-05;80.00;21691.00;EUR;Business Trip;O;Columbo;2021-09-28T20:11:35Z;Meier;2021-10-14T01:25:37Z
C1657221A8E4645C17002DF03754AB66;00000112;070048;000190;2021-11-02;2022-08-31;50.00;14315.00;EUR;Vacation;O;Hoffen;2021-10-09T11:58:21Z;Babilon;2021-10-29T04:54:43Z
C2657221A8E4645C17002DF03754AB66;00000113;070029;000033;2021-11-02;2021-11-04;90.00;22360.00;EUR;Sightseeing in Frankfurt/Main;A;Rahn;2021-09-28T12:06:42Z;Pratt;2021-10-10T20:26:40Z
C3657221A8E4645C17002DF03754AB66;00000114;070018;000315;2021-11-02;2021-11-03;40.00;8047.00;EUR;Business Trip to Germany;O;Benz;2021-10-02T11:24:08Z;Babilon;2021-10-09T02:15:09Z
C4657221A8E4645C17002DF03754AB66;00000115;070044;000663;2021-11-02;2022-08-31;50.00;14280.00;EUR;Vacation;O;Pan;2021-10-01T10:15:02Z;Trensch;2021-10-19T18:35:26Z
C5657221A8E4645C17002DF03754AB66;00000116;070030;000097;2021-11-02;2021-11-04;30.00;7407.00;EUR;Sightseeing in Frankfurt/Main;A;Illner;2021-10-11T12:42:10Z;Illner;2021-10-23T11:36:47Z
C6657221A8E4645C17002DF03754AB66;00000117;070041;000133;2021-11-02;2022-08-31;100.00;28480.00;EUR;Vacation;O;Fischer;2021-10-13T09:07:19Z;Kreiss;2021-10-29T22:13:49Z
C7657221A8E4645C17002DF03754AB66;00000118;070012;000070;2021-11-02;2021-11-03;20.00;4038.00;EUR;Vacation for Lothar,;O;Columbo;2021-10-03T19:19:25Z;Kirk;2021-10-07T00:17:39Z
C8657221A8E4645C17002DF03754AB66;00000119;070001;000100;2021-11-02;2021-11-02;20.00;3305.00;EUR;Vacation;O;Kreiss;2021-10-16T13:30:06Z;Miguel;2021-10-16T09:25:46Z
C9657221A8E4645C17002DF03754AB66;00000120;070038;000584;2021-11-02;2021-11-05;40.00;10872.00;EUR;Business Trip;O;Martin;2021-10-15T10:15:10Z;Babilon;2021-10-30T01:05:59Z
CA657221A8E4645C17002DF03754AB66;00000121;070042;000633;2021-11-02;2022-08-31;100.00;28640.00;EUR;Vacation;O;Mustermann;2021-10-15T22:01:15Z;Becker;2021-11-01T23:48:45Z
CB657221A8E4645C17002DF03754AB66;00000122;070013;000423;2021-11-02;2021-11-03;20.00;4086.00;EUR;Vacation for Holm,;O;Buchholm;2021-10-16T23:43:06Z;Jeremias;2021-10-21T23:55:14Z
CC657221A8E4645C17002DF03754AB66;00000123;070042;000457;2021-11-02;2022-08-31;100.00;28603.00;EUR;Vacation;O;Ryan;2021-10-05T22:34:16Z;Becker;2021-10-22T17:29:20Z
CD657221A8E4645C17002DF03754AB66;00000124;070026;000006;2021-11-02;2021-11-04;90.00;22460.00;EUR;Sightseeing in Frankfurt/Main;A;Pan;2021-10-01T07:27:12Z;Legrand;2021-10-11T18:14:58Z
CE657221A8E4645C17002DF03754AB66;00000125;070048;000622;2021-11-02;2022-08-31;100.00;28709.00;EUR;Vacation;O;Picard;2021-10-09T15:32:13Z;Moyano;2021-10-28T19:57:36Z
CF657221A8E4645C17002DF03754AB66;00000126;070035;000453;2021-11-02;2021-11-05;120.00;33098.00;EUR;Visiting Holm;A;Columbo;2021-10-10T07:13:24Z;Henry;2021-10-24T01:31:11Z
D0657221A8E4645C17002DF03754AB66;00000127;070021;000374;2021-11-02;2021-11-04;60.00;15301.00;EUR;Vacation to Germany;O;D´Oultrement;2021-10-13T19:37:10Z;Picard;2021-10-21T08:29:24Z
D1657221A8E4645C17002DF03754AB66;00000128;070045;000293;2021-11-02;2022-08-31;150.00;44181.00;EUR;Vacation;O;Goelke;2021-10-13T00:23:38Z;Gutenberg;2021-10-31T06:40:17Z
D2657221A8E4645C17002DF03754AB66;00000129;070022;000556;2021-11-02;2021-11-04;30.00;7822.00;EUR;Vacation to Germany;O;Deichgraeber;2021-10-10T14:59:46Z;Domenech;2021-10-18T18:22:09Z
D3657221A8E4645C17002DF03754AB66;00000130;070048;000175;2021-11-02;2022-08-31;100.00;29350.00;EUR;Vacation;O;Delon;2021-10-01T16:53:57Z;Sudhoff;2021-10-21T09:02:53Z
D4657221A8E4645C17002DF03754AB66;00000131;070030;000090;2021-11-02;2021-11-04;30.00;8016.00;EUR;Sightseeing in Frankfurt/Main;A;Meier;2021-10-08T02:47:34Z;Barth;2021-10-20T20:54:01Z
D5657221A8E4645C17002DF03754AB66;00000132;070028;000185;2021-11-02;2021-11-04;60.00;15794.00;EUR;Sightseeing in Frankfurt/Main;A;Koslowski;2021-10-07T22:15:19Z;Becker;2021-10-18T03:05:46Z
D6657221A8E4645C17002DF03754AB66;00000133;070008;000304;2021-11-02;2021-11-02;30.00;5291.00;EUR;Business Trip for Christine, Theresia, Chantal;O;Waldmann;2021-09-30T01:40:17Z;Neubasler;2021-10-03T05:20:07Z
D7657221A8E4645C17002DF03754AB66;00000134;070007;000600;2021-11-02;2021-11-02;20.00;3678.00;EUR;Business Trip for Astrid, Anna;O;Benz;2021-10-11T05:43:13Z;Mechler;2021-10-13T02:08:50Z
D8657221A8E4645C17002DF03754AB66;00000135;070039;000658;2021-11-02;2021-11-05;120.00;34020.00;EUR;Business Trip;O;Barth;2021-10-11T18:39:00Z;Deichgraeber;2021-10-26T02:06:30Z
D9657221A8E4645C17002DF03754AB66;00000136;070008;000181;2021-11-02;2021-11-02;20.00;3770.00;EUR;Business Trip for Jean-Luc, Cindy;O;Picard;2021-10-02T00:46:17Z;Columbo;2021-10-05T19:29:00Z
DA657221A8E4645C17002DF03754AB66;00000137;070012;000246;2021-11-02;2021-11-03;40.00;9083.00;EUR;Vacation for Allen, Theresia,;O;Gahl;2021-09-30T14:54:23Z;Sessler;2021-10-04T12:42:05Z
DB657221A8E4645C17002DF03754AB66;00000138;070013;000647;2021-11-02;2021-11-03;20.00;4488.00;EUR;Vacation for Ruth,;O;Illner;2021-10-13T23:20:43Z;Buchholm;2021-10-19T12:53:21Z
DC657221A8E4645C17002DF03754AB66;00000139;070041;000656;2021-11-02;2022-08-31;100.00;29826.00;EUR;Vacation;O;Benz;2021-10-13T15:11:30Z;Moyano;2021-10-30T02:41:03Z
DD657221A8E4645C17002DF03754AB66;00000140;070043;000269;2021-11-02;2022-08-31;100.00;29790.00;EUR;Vacation;O;Kirk;2021-10-16T11:44:41Z;Kramer;2021-11-02T20:01:25Z
DE657221A8E4645C17002DF03754AB66;00000141;070050;000081;2021-11-02;2022-08-31;50.00;15083.00;EUR;Vacation;O;Weiss;2021-10-05T09:28:24Z;Kreiss;2021-10-25T13:30:15Z
DF657221A8E4645C17002DF03754AB66;00000142;070013;000119;2021-11-02;2021-11-03;40.00;9361.00;EUR;Vacation for August, James,;O;Marshall;2021-10-14T03:36:56Z;Wohl;2021-10-19T07:54:15Z
E0657221A8E4645C17002DF03754AB66;00000143;070017;000639;2021-11-02;2021-11-03;40.00;9437.00;EUR;Business Trip to Germany;O;Zimmermann;2021-10-11T02:51:36Z;Barth;2021-10-17T11:37:28Z
E1657221A8E4645C17002DF03754AB66;00000144;070041;000154;2021-11-02;2022-08-31;100.00;30407.00;EUR;Vacation;O;D´Oultrement;2021-10-01T08:34:30Z;Jacqmain;2021-10-18T08:48:29Z
E2657221A8E4645C17002DF03754AB66;00000145;070015;000199;2021-11-02;2021-11-03;60.00;14302.00;EUR;Vacation for Laura, Anna, Claire,;O;Columbo;2021-09-29T17:14:19Z;Lautenbach;2021-10-05T00:10:14Z
E3657221A8E4645C17002DF03754AB66;00000146;070013;000357;2021-11-02;2021-11-03;60.00;14574.00;EUR;Vacation for Theresia, Ulla, Thomas,;O;Dumbach;2021-10-01T23:01:35Z;Jeremias;2021-10-07T04:53:30Z
E4657221A8E4645C17002DF03754AB66;00000147;070001;000696;2021-11-02;2021-11-02;10.00;2144.00;EUR;Vacation;O;Detemple;2021-10-13T05:10:57Z;Goelke;2021-10-13T01:29:18Z
E5657221A8E4645C17002DF03754AB66;00000148;070047;000697;2021-11-02;2022-08-31;50.00;15462.00;EUR;Vacation;O;Koslowski;2021-10-03T11:42:44Z;Babilon;2021-10-22T03:58:13Z
E6657221A8E4645C17002DF03754AB66;00000149;070011;000419;2021-11-02;2021-11-03;20.00;4830.00;EUR;Vacation for Irmtraut,;O;Dumbach;2021-10-11T18:28:19Z;Pan;2021-10-15T04:30:19Z
E7657221A8E4645C17002DF03754AB66;00000150;070018;000552;2021-11-02;2021-11-03;40.00;9897.00;EUR;Business Trip to Germany;O;Hunter;2021-10-03T22:40:32Z;Becker;2021-10-10T09:03:57Z
E8657221A8E4645C17002DF03754AB66;00000151;070046;000317;2021-11-02;2022-08-31;50.00;15450.00;EUR;Vacation;O;Gutenberg;2021-10-12T18:04:56Z;Pan;2021-10-31T00:02:52Z
E9657221A8E4645C17002DF03754AB66;00000152;070010;000258;2021-11-02;2021-11-02;20.00;4388.00;EUR;Business Trip for Christa, Horst;O;Meier;2021-10-04T06:05:17Z;Buehler;2021-10-08T20:31:40Z
EA657221A8E4645C17002DF03754AB66;00000153;070043;000039;2021-11-02;2022-08-31;50.00;15454.00;EUR;Vacation;O;Müller;2021-10-12T00:49:13Z;Gutenberg;2021-10-29T21:49:03Z
EB657221A8E4645C17002DF03754AB66;00000154;070013;000598;2021-11-02;2021-11-03;60.00;15055.00;EUR;Vacation for Adam, Max, Ludwig,;O;Matthaeus;2021-10-05T04:08:11Z;Goelke;2021-10-10T10:43:42Z
EC657221A8E4645C17002DF03754AB66;00000155;070048;000295;2021-11-02;2022-08-31;150.00;47464.00;EUR;Vacation;O;Matthaeus;2021-10-02T12:31:56Z;Illner;2021-10-22T10:39:25Z
ED657221A8E4645C17002DF03754AB66;00000156;070031;000124;2021-11-02;2021-11-05;40.00;12586.00;EUR;Visiting Irmtraut;A;Henry;2021-10-09T20:38:38Z;Madeira;2021-10-21T07:58:08Z
EE657221A8E4645C17002DF03754AB66;00000157;070039;000473;2021-11-02;2021-11-05;80.00;25347.00;EUR;Business Trip;O;Meier;2021-09-29T07:27:26Z;Henry;2021-10-15T20:48:28Z
EF657221A8E4645C17002DF03754AB66;00000158;070024;000533;2021-11-02;2021-11-04;60.00;18177.00;EUR;Vacation to Germany;O;Legrand;2021-10-02T23:49:30Z;Jeremias;2021-10-12T07:25:14Z
F0657221A8E4645C17002DF03754AB66;00000159;070050;000472;2021-11-02;2022-08-31;150.00;48264.00;EUR;Vacation;O;Martin;2021-10-08T02:07:04Z;Hansmann;2021-10-28T01:05:54Z
F1657221A8E4645C17002DF03754AB66;00000160;070018;000276;2021-11-02;2021-11-03;20.00;5400.00;EUR;Business Trip to Germany;O;Ryan;2021-10-11T20:23:37Z;Sisko;2021-10-18T17:10:42Z
F2657221A8E4645C17002DF03754AB66;00000161;070004;000524;2021-11-02;2021-11-02;10.00;2522.00;EUR;Vacation;O;Jacqmain;2021-09-29T04:48:23Z;Koller;2021-09-30T08:49:11Z
F3657221A8E4645C17002DF03754AB66;00000162;070042;000216;2021-11-02;2022-08-31;50.00;16490.00;EUR;Vacation;O;Dumbach;2021-10-05T05:23:51Z;Waldmann;2021-10-22T04:03:16Z
F4657221A8E4645C17002DF03754AB66;00000163;070040;000210;2021-11-04;2022-09-01;40.00;14275.00;SGD;Business Trip;O;D´Oultrement;2021-10-16T10:25:37Z;Matthaeus;2021-11-01T09:31:54Z
F5657221A8E4645C17002DF03754AB66;00000164;070030;000543;2021-11-04;2022-08-31;90.00;32735.00;SGD;Sightseeing in Singapore;A;Neubasler;2021-09-30T04:37:30Z;Hoffen;2021-10-12T01:39:10Z
F6657221A8E4645C17002DF03754AB66;00000165;070030;000592;2021-11-04;2022-08-31;30.00;10873.00;SGD;Sightseeing in Singapore;A;Barth;2021-10-02T10:25:21Z;Matthaeus;2021-10-14T02:17:49Z
F7657221A8E4645C17002DF03754AB66;00000166;070028;000500;2021-11-04;2022-08-31;30.00;11018.00;SGD;Sightseeing in Singapore;A;Müller;2021-10-12T21:59:17Z;Müller;2021-10-23T21:00:48Z
F8657221A8E4645C17002DF03754AB66;00000167;070037;000228;2021-11-04;2022-09-01;120.00;43477.00;SGD;Business Trip;A;Müller;2021-10-08T14:06:29Z;Montero;2021-10-23T21:10:10Z
F9657221A8E4645C17002DF03754AB66;00000168;070046;000269;2021-11-04;2022-09-01;80.00;29205.00;SGD;Vacation;O;Gahl;2021-10-14T17:11:51Z;Lautenbach;2021-11-02T13:22:11Z
FA657221A8E4645C17002DF03754AB66;00000169;070035;000456;2021-11-04;2022-09-01;40.00;14704.00;SGD;Visiting Illya;A;Fischmann;2021-10-16T09:20:36Z;Kreiss;2021-10-30T00:29:12Z
FB657221A8E4645C17002DF03754AB66;00000170;070015;000569;2021-11-04;2021-11-05;40.00;15512.00;SGD;Vacation for Gisela, James,;O;Dumbach;2021-10-16T12:55:23Z;Pratt;2021-10-22T04:57:52Z
FC657221A8E4645C17002DF03754AB66;00000171;070034;000060;2021-11-04;2022-09-01;40.00;14912.00;SGD;Visiting Adam;A;Marshall;2021-10-16T00:44:10Z;Gutenberg;2021-10-30T07:03:56Z
FD657221A8E4645C17002DF03754AB66;00000172;070038;000677;2021-11-04;2022-09-01;80.00;29781.00;SGD;Business Trip;O;Pan;2021-10-16T06:25:33Z;Simonen;2021-10-31T19:16:58Z
FE657221A8E4645C17002DF03754AB66;00000173;070020;000565;2021-11-04;2021-11-05;40.00;15602.00;SGD;Business Trip to Singapore;O;Vrsic;2021-10-14T08:56:07Z;D´Oultrement;2021-10-21T23:32:35Z
FF657221A8E4645C17002DF03754AB66;00000174;070038;000355;2021-11-04;2022-09-01;80.00;29679.00;SGD;Business Trip;O;Jeremias;2021-10-01T20:58:33Z;Meier;2021-10-16T00:25:34Z
00667221A8E4645C17002DF03754AB66;00000175;070029;000318;2021-11-04;2022-08-31;60.00;23439.00;SGD;Sightseeing in Singapore;A;Hansmann;2021-10-17T18:42:07Z;Deichgraeber;2021-10-28T03:18:18Z
01667221A8E4645C17002DF03754AB66;00000176;070020;000326;2021-11-04;2021-11-05;40.00;16041.00;SGD;Business Trip to Singapore;O;Montero;2021-10-05T05:32:14Z;Goelke;2021-10-12T14:39:44Z
02667221A8E4645C17002DF03754AB66;00000177;070011;000079;2021-11-04;2021-11-05;20.00;8011.00;SGD;Vacation for James,;O;Gueldenpfenn;2021-10-13T02:39:11Z;Detemple;2021-10-17T16:41:49Z
03667221A8E4645C17002DF03754AB66;00000178;070029;000371;2021-11-04;2022-08-31;60.00;23725.00;SGD;Sightseeing in Singapore;A;Montero;2021-10-06T10:07:52Z;Babilon;2021-10-17T14:10:18Z
04667221A8E4645C17002DF03754AB66;00000179;070027;000372;2021-11-04;2022-08-31;90.00;36048.00;SGD;Sightseeing in Singapore;A;Trensch;2021-10-15T08:10:44Z;Jacqmain;2021-10-26T09:59:40Z
05667221A8E4645C17002DF03754AB66;00000180;070004;000470;2021-11-04;2021-11-04;30.00;13052.00;SGD;Vacation;O;Illner;2021-10-18T16:33:07Z;Eichbaum;2021-10-19T12:01:03Z
06667221A8E4645C17002DF03754AB66;00000181;070021;000396;2021-11-04;2022-08-31;60.00;24266.00;SGD;Vacation to Singapore;O;Buehler;2021-10-08T05:40:00Z;Mechler;2021-10-16T06:52:05Z
07667221A8E4645C17002DF03754AB66;00000182;070003;000146;2021-11-04;2021-11-04;20.00;8988.00;SGD;Vacation;O;Sudhoff;2021-10-20T13:22:38Z;Sessler;2021-10-21T16:11:27Z
08667221A8E4645C17002DF03754AB66;00000183;070018;000388;2021-11-04;2021-11-05;40.00;16677.00;SGD;Business Trip to Singapore;O;Wohl;2021-10-08T18:58:29Z;Pan;2021-10-15T03:27:31Z
09667221A8E4645C17002DF03754AB66;00000184;070027;000256;2021-11-04;2022-08-31;30.00;12149.00;SGD;Sightseeing in Singapore;A;Sommer;2021-10-06T06:51:15Z;Heller;2021-10-17T15:09:20Z
0A667221A8E4645C17002DF03754AB66;00000185;070030;000721;2021-11-04;2022-08-31;90.00;37135.00;SGD;Sightseeing in Singapore;A;Koslowski;2021-10-03T08:22:10Z;Jacqmain;2021-10-15T03:38:14Z
0B667221A8E4645C17002DF03754AB66;00000186;070039;000638;2021-11-04;2022-09-01;80.00;31860.00;SGD;Business Trip;O;Legrand;2021-10-14T07:25:43Z;Henry;2021-10-30T07:11:35Z
0C667221A8E4645C17002DF03754AB66;00000187;070018;000401;2021-11-04;2021-11-05;40.00;17123.00;SGD;Business Trip to Singapore;O;Sessler;2021-10-12T18:07:42Z;Pan;2021-10-19T14:28:52Z
0D667221A8E4645C17002DF03754AB66;00000188;070047;000454;2021-11-04;2022-09-01;40.00;16023.00;SGD;Vacation;O;Ryan;2021-10-10T15:13:28Z;Moyano;2021-10-29T17:35:14Z
0E667221A8E4645C17002DF03754AB66;00000189;070049;000568;2021-11-04;2022-09-01;40.00;16278.00;SGD;Vacation;O;Columbo;2021-10-15T08:34:44Z;Jacqmain;2021-11-04T01:23:01Z
0F667221A8E4645C17002DF03754AB66;00000190;070007;000394;2021-11-04;2021-11-04;30.00;14256.00;SGD;Business Trip for James, Harish, Stephen;O;Leisert;2021-10-20T10:17:04Z;Trensch;2021-10-22T21:15:39Z
10667221A8E4645C17002DF03754AB66;00000191;070008;000656;2021-11-04;2021-11-04;30.00;14279.00;SGD;Business Trip for Andreas, Max, Kurt;O;Ryan;2021-10-15T06:15:59Z;Buehler;2021-10-18T17:37:28Z
11667221A8E4645C17002DF03754AB66;00000192;070029;000168;2021-11-04;2022-08-31;60.00;25860.00;SGD;Sightseeing in Singapore;A;Matthaeus;2021-10-01T20:58:53Z;Meier;2021-10-12T10:49:31Z
12667221A8E4645C17002DF03754AB66;00000193;070020;000615;2021-11-04;2021-11-05;60.00;27471.00;SGD;Business Trip to Singapore;O;Kreiss;2021-10-18T10:20:12Z;Matthaeus;2021-10-26T09:43:46Z
13667221A8E4645C17002DF03754AB66;00000194;070024;000322;2021-11-04;2022-08-31;60.00;26416.00;SGD;Vacation to Singapore;O;Kreiss;2021-10-13T17:06:22Z;Lautenbach;2021-10-22T09:35:54Z
14667221A8E4645C17002DF03754AB66;00000195;070020;000108;2021-11-04;2021-11-05;20.00;9096.00;SGD;Business Trip to Singapore;O;Heller;2021-10-16T01:52:19Z;Martin;2021-10-24T06:54:50Z
15667221A8E4645C17002DF03754AB66;00000196;070001;000166;2021-11-04;2021-11-04;20.00;10313.00;SGD;Vacation;O;Zimmermann;2021-10-11T08:15:39Z;D´Oultrement;2021-10-11T11:49:19Z
16667221A8E4645C17002DF03754AB66;00000197;070037;000583;2021-11-04;2022-09-01;80.00;33575.00;SGD;Business Trip;A;Zimmermann;2021-10-16T19:01:02Z;Sisko;2021-10-31T12:35:35Z
17667221A8E4645C17002DF03754AB66;00000198;070017;000345;2021-11-04;2021-11-05;40.00;18742.00;SGD;Business Trip to Singapore;O;Pan;2021-10-16T07:18:29Z;Marshall;2021-10-23T18:25:46Z
18667221A8E4645C17002DF03754AB66;00000199;070020;000066;2021-11-04;2021-11-05;20.00;9385.00;SGD;Business Trip to Singapore;O;Prinz;2021-10-17T21:10:25Z;Rahn;2021-10-25T18:09:29Z
19667221A8E4645C17002DF03754AB66;00000200;070009;000470;2021-11-04;2021-11-04;10.00;5283.00;SGD;Business Trip for Guenther;O;Montero;2021-10-12T12:05:46Z;Illner;2021-10-15T14:25:23Z
1A667221A8E4645C17002DF03754AB66;00000201;070047;000314;2021-11-04;2022-09-01;80.00;34071.00;SGD;Vacation;O;Jacqmain;2021-10-10T02:28:44Z;Barth;2021-10-29T08:35:58Z
1B667221A8E4645C17002DF03754AB66;00000202;070040;000135;2021-11-04;2022-09-01;80.00;34446.00;SGD;Business Trip;O;Deichgraeber;2021-10-06T03:41:04Z;Wohl;2021-10-22T18:41:38Z
1C667221A8E4645C17002DF03754AB66;00000203;070022;000659;2021-11-04;2022-08-31;30.00;13976.00;SGD;Vacation to Singapore;O;Kramer;2021-10-13T21:02:31Z;Müller;2021-10-22T11:38:38Z
1D667221A8E4645C17002DF03754AB66;00000204;070016;000530;2021-11-04;2021-11-05;40.00;19613.00;SGD;Business Trip to Singapore;O;Marshall;2021-10-04T22:19:19Z;Fischer;2021-10-10T07:04:17Z
1E667221A8E4645C17002DF03754AB66;00000205;070044;000259;2021-11-04;2022-09-01;80.00;34814.00;SGD;Vacation;O;Leisert;2021-10-02T04:39:59Z;Dumbach;2021-10-20T21:31:37Z
1F667221A8E4645C17002DF03754AB66;00000206;070027;000496;2021-11-04;2022-08-31;60.00;28346.00;SGD;Sightseeing in Singapore;A;Sisko;2021-10-19T23:49:43Z;Vrsic;2021-10-31T21:24:30Z
20667221A8E4645C17002DF03754AB66;00000207;070032;000515;2021-11-04;2022-09-01;120.00;52896.00;SGD;Visiting Cindy;A;Illner;2021-10-18T08:58:19Z;Jacqmain;2021-10-31T13:43:14Z
21667221A8E4645C17002DF03754AB66;00000208;070009;000328;2021-11-04;2021-11-04;20.00;11424.00;SGD;Business Trip for Jean-Luc, Johann;O;Weiss;2021-10-13T17:19:40Z;Ryan;2021-10-16T13:31:44Z
22667221A8E4645C17002DF03754AB66;00000209;070006;000581;2021-11-04;2021-11-04;30.00;17543.00;SGD;Business Trip for Johannes, Anna, Sophie;O;Benjamin;2021-10-18T10:36:04Z;Cesari;2021-10-20T13:06:40Z
23667221A8E4645C17002DF03754AB66;00000210;070031;000518;2021-11-04;2022-09-01;80.00;36198.00;SGD;Visiting Felix;A;Koller;2021-10-06T11:25:41Z;Illner;2021-10-18T03:46:27Z
24667221A8E4645C17002DF03754AB66;00000211;070024;000606;2021-11-07;2021-11-07;10.00;157.00;USD;Vacation to USA;O;Buehler;2021-10-07T23:15:04Z;Vrsic;2021-10-17T06:05:04Z
25667221A8E4645C17002DF03754AB66;00000212;070014;000086;2021-11-07;2021-11-07;20.00;389.00;USD;Vacation for Jasmin, Kristina;O;Cesari;2021-10-19T20:16:15Z;Meier;2021-10-24T10:09:31Z
26667221A8E4645C17002DF03754AB66;00000213;070018;000216;2021-11-07;2021-11-07;20.00;353.00;USD;Business Trip to USA;O;Hoffen;2021-10-21T03:31:07Z;Wohl;2021-10-28T04:26:29Z
27667221A8E4645C17002DF03754AB66;00000214;070033;000233;2021-11-07;2021-11-07;30.00;557.00;USD;Visiting Gisela;A;Kirk;2021-10-13T20:52:07Z;Madeira;2021-10-26T19:27:05Z
28667221A8E4645C17002DF03754AB66;00000215;070027;000370;2021-11-07;2021-11-07;30.00;448.00;USD;Sightseeing in Miami, Florida;A;Wohl;2021-10-10T09:56:45Z;Kreiss;2021-10-21T03:31:58Z
29667221A8E4645C17002DF03754AB66;00000216;070035;000724;2021-11-07;2021-11-07;20.00;302.00;USD;Visiting Adam;A;Hoffen;2021-10-23T02:57:43Z;Benz;2021-11-06T05:38:16Z
2A667221A8E4645C17002DF03754AB66;00000217;070036;000584;2021-11-07;2021-11-07;20.00;391.00;USD;Business Trip;A;Hansmann;2021-10-13T04:40:28Z;Dumbach;2021-10-28T03:14:24Z
2B667221A8E4645C17002DF03754AB66;00000218;070038;000022;2021-11-07;2021-11-07;20.00;330.00;USD;Business Trip;A;Hoffen;2021-10-23T18:40:36Z;Deichgraeber;2021-11-07T05:17:03Z
2C667221A8E4645C17002DF03754AB66;00000219;070050;000677;2021-11-07;2021-11-07;10.00;164.00;USD;Vacation;O;Kreiss;2021-10-07T10:04:54Z;Cesari;2021-10-27T09:41:29Z
2D667221A8E4645C17002DF03754AB66;00000220;070023;000178;2021-11-07;2021-11-07;20.00;376.00;USD;Vacation to USA;O;Heller;2021-10-17T01:13:55Z;Neubasler;2021-10-26T06:15:56Z
2E667221A8E4645C17002DF03754AB66;00000221;070037;000074;2021-11-07;2021-11-07;10.00;153.00;USD;Business Trip;A;Rahn;2021-10-08T14:50:47Z;Montero;2021-10-23T21:40:18Z
2F667221A8E4645C17002DF03754AB66;00000222;070005;000422;2021-11-07;2021-11-07;20.00;376.00;USD;Vacation;O;Delon;2021-10-21T14:46:26Z;Sessler;2021-10-22T09:20:13Z
30667221A8E4645C17002DF03754AB66;00000223;070046;000206;2021-11-07;2021-11-07;30.00;482.00;USD;Vacation;O;Koslowski;2021-10-05T13:00:13Z;Benjamin;2021-10-24T03:40:30Z
31667221A8E4645C17002DF03754AB66;00000224;070012;000702;2021-11-07;2021-11-07;20.00;310.00;USD;Vacation for Hendrik, Hendrik;O;Meier;2021-10-15T16:23:59Z;Gueldenpfenn;2021-10-19T20:36:42Z
32667221A8E4645C17002DF03754AB66;00000225;070026;000442;2021-11-07;2021-11-07;10.00;175.00;USD;Sightseeing in Miami, Florida;A;Becker;2021-10-05T07:00:16Z;Marshall;2021-10-15T22:54:39Z
33667221A8E4645C17002DF03754AB66;00000226;070046;000399;2021-11-07;2021-11-07;20.00;374.00;USD;Vacation;O;Kreiss;2021-10-16T15:25:00Z;Moyano;2021-11-04T10:27:28Z
34667221A8E4645C17002DF03754AB66;00000227;070028;000380;2021-11-07;2021-11-07;20.00;456.00;USD;Sightseeing in Miami, Florida;A;Martin;2021-10-16T15:46:58Z;Schneider;2021-10-27T01:27:26Z
35667221A8E4645C17002DF03754AB66;00000228;070008;000301;2021-11-07;2021-11-07;30.00;492.00;USD;Business Trip for Jean-Luc, Illya, Anna;O;Goelke;2021-10-08T02:47:12Z;Hansmann;2021-10-11T05:19:18Z
36667221A8E4645C17002DF03754AB66;00000229;070026;000455;2021-11-07;2021-11-07;10.00;179.00;USD;Sightseeing in Miami, Florida;A;Hunter;2021-10-09T02:02:48Z;Barth;2021-10-19T08:28:14Z
37667221A8E4645C17002DF03754AB66;00000230;070042;000124;2021-11-07;2021-11-07;20.00;332.00;USD;Vacation;O;Miguel;2021-10-22T09:43:24Z;Trensch;2021-11-08T14:10:29Z
38667221A8E4645C17002DF03754AB66;00000231;070024;000218;2021-11-07;2021-11-07;10.00;171.00;USD;Vacation to USA;O;Waldmann;2021-10-19T00:09:32Z;Jeremias;2021-10-28T05:28:12Z
39667221A8E4645C17002DF03754AB66;00000232;070027;000288;2021-11-07;2021-11-07;20.00;457.00;USD;Sightseeing in Miami, Florida;A;Miguel;2021-10-13T18:36:17Z;Deichgraeber;2021-10-24T13:20:43Z
3A667221A8E4645C17002DF03754AB66;00000233;070028;000268;2021-11-07;2021-11-07;30.00;636.00;USD;Sightseeing in Miami, Florida;A;Eichbaum;2021-10-23T03:44:45Z;Hansmann;2021-11-03T17:11:32Z
3B667221A8E4645C17002DF03754AB66;00000234;070050;000561;2021-11-07;2021-11-07;20.00;445.00;USD;Vacation;O;Hoffen;2021-10-15T18:55:48Z;Lindwurm;2021-11-04T05:14:19Z
3C667221A8E4645C17002DF03754AB66;00000235;070023;000644;2021-11-07;2021-11-07;20.00;384.00;USD;Vacation to USA;O;Detemple;2021-10-08T06:45:00Z;Simonen;2021-10-17T01:16:51Z
3D667221A8E4645C17002DF03754AB66;00000236;070004;000014;2021-11-07;2021-11-07;20.00;542.00;USD;Vacation;O;Buehler;2021-10-09T14:17:35Z;Domenech;2021-10-10T06:11:53Z
3E667221A8E4645C17002DF03754AB66;00000237;070043;000580;2021-11-07;2021-11-07;20.00;466.00;USD;Vacation;O;Heller;2021-10-13T09:34:55Z;Hunter;2021-10-30T06:05:05Z
3F667221A8E4645C17002DF03754AB66;00000238;070023;000072;2021-11-07;2021-11-07;10.00;211.00;USD;Vacation to USA;O;Delon;2021-10-18T17:32:58Z;Ryan;2021-10-27T09:41:54Z
40667221A8E4645C17002DF03754AB66;00000239;070031;000559;2021-11-07;2021-11-07;30.00;698.00;USD;Visiting Simon;A;Zimmermann;2021-10-13T01:38:56Z;Martin;2021-10-25T11:25:54Z
41667221A8E4645C17002DF03754AB66;00000240;070006;000495;2021-11-07;2021-11-07;10.00;222.00;USD;Business Trip for Jean;O;Columbo;2021-10-15T22:40:00Z;Fischer;2021-10-17T01:38:56Z
42667221A8E4645C17002DF03754AB66;00000241;070025;000213;2021-11-07;2021-11-07;10.00;246.00;USD;Vacation to USA;O;Waldmann;2021-10-05T03:56:01Z;Koslowski;2021-10-15T05:38:46Z
43667221A8E4645C17002DF03754AB66;00000242;070049;000100;2021-11-07;2021-11-07;20.00;491.00;USD;Vacation;O;Deichgraeber;2021-10-18T17:42:38Z;Lautenbach;2021-11-07T19:12:35Z
44667221A8E4645C17002DF03754AB66;00000243;070049;000526;2021-11-07;2021-11-07;30.00;698.00;USD;Vacation;O;Jeremias;2021-10-11T05:07:06Z;Waldmann;2021-10-30T23:14:19Z
45667221A8E4645C17002DF03754AB66;00000244;070001;000476;2021-11-07;2021-11-07;10.00;237.00;USD;Vacation;O;Leisert;2021-10-04T04:27:58Z;Dumbach;2021-10-04T21:36:07Z
46667221A8E4645C17002DF03754AB66;00000245;070002;000360;2021-11-07;2021-11-07;10.00;285.00;USD;Vacation;O;Gueldenpfenn;2021-10-11T01:39:39Z;Neubasler;2021-10-11T16:27:31Z
47667221A8E4645C17002DF03754AB66;00000246;070039;000010;2021-11-07;2021-11-07;30.00;777.00;USD;Business Trip;O;Matthaeus;2021-10-14T07:21:04Z;Henry;2021-10-30T10:46:42Z
48667221A8E4645C17002DF03754AB66;00000247;070049;000521;2021-11-07;2021-11-07;10.00;260.00;USD;Vacation;O;Gahl;2021-10-05T05:24:26Z;Mechler;2021-10-25T12:39:12Z
49667221A8E4645C17002DF03754AB66;00000248;070041;000072;2021-11-07;2021-11-07;20.00;542.00;USD;Vacation;O;Dumbach;2021-10-11T22:49:04Z;Mustermann;2021-10-28T04:50:00Z
4A667221A8E4645C17002DF03754AB66;00000249;070019;000281;2021-11-07;2021-11-07;10.00;262.00;USD;Business Trip to USA;O;Trensch;2021-10-07T04:36:18Z;Koller;2021-10-14T10:15:20Z
4B667221A8E4645C17002DF03754AB66;00000250;070044;000649;2021-11-07;2021-11-07;10.00;261.00;USD;Vacation;O;Mustermann;2021-10-13T13:32:16Z;Miguel;2021-10-31T23:34:59Z
4C667221A8E4645C17002DF03754AB66;00000251;070034;000259;2021-11-07;2021-11-07;20.00;546.00;USD;Visiting Jean-Luc;A;Illner;2021-10-11T04:15:21Z;Hoffen;2021-10-25T12:52:51Z
4D667221A8E4645C17002DF03754AB66;00000252;070005;000145;2021-11-07;2021-11-07;20.00;609.00;USD;Vacation;O;Zimmermann;2021-10-13T03:07:50Z;Wohl;2021-10-14T11:19:44Z
4E667221A8E4645C17002DF03754AB66;00000253;070018;000375;2021-11-07;2021-11-07;20.00;613.00;USD;Business Trip to USA;O;Hoffen;2021-10-20T08:38:57Z;D´Oultrement;2021-10-27T04:56:13Z
4F667221A8E4645C17002DF03754AB66;00000254;070020;000309;2021-11-07;2021-11-07;20.00;562.00;USD;Business Trip to USA;O;Matthaeus;2021-10-18T08:38:58Z;Hunter;2021-10-26T10:28:42Z
50667221A8E4645C17002DF03754AB66;00000255;070043;000503;2021-11-07;2021-11-07;10.00;290.00;USD;Vacation;O;Sessler;2021-10-18T03:38:11Z;Hansmann;2021-11-04T14:32:45Z
51667221A8E4645C17002DF03754AB66;00000256;070013;000365;2021-11-07;2021-11-07;10.00;294.00;USD;Vacation for Salvador;O;Moyano;2021-10-17T06:43:11Z;Buehler;2021-10-22T15:32:21Z
52667221A8E4645C17002DF03754AB66;00000257;070003;000293;2021-11-07;2021-11-07;20.00;594.00;USD;Vacation;O;D´Oultrement;2021-10-05T14:59:57Z;Sessler;2021-10-05T08:31:49Z
53667221A8E4645C17002DF03754AB66;00000258;070041;000659;2021-11-07;2021-11-07;30.00;1046.00;USD;Vacation;O;Legrand;2021-10-13T02:06:51Z;Benz;2021-10-29T07:13:46Z
54667221A8E4645C17002DF03754AB66;00000259;070034;000681;2021-11-07;2021-11-07;20.00;646.00;USD;Visiting Jasmin;A;Fischer;2021-10-23T17:03:19Z;Ryan;2021-11-05T23:06:27Z
55667221A8E4645C17002DF03754AB66;00000260;070022;000626;2021-11-07;2021-11-07;20.00;731.00;USD;Vacation to USA;O;Jeremias;2021-10-11T20:26:33Z;Sisko;2021-10-19T23:24:50Z
56667221A8E4645C17002DF03754AB66;00000261;070038;000587;2021-11-07;2021-11-07;30.00;1038.00;USD;Business Trip;A;Madeira;2021-10-13T22:45:12Z;Mustermann;2021-10-28T20:21:07Z
57667221A8E4645C17002DF03754AB66;00000262;070046;000375;2021-11-07;2021-11-07;10.00;374.00;USD;Vacation;O;Rahn;2021-10-16T23:46:24Z;Vrsic;2021-11-05T21:37:29Z
58667221A8E4645C17002DF03754AB66;00000263;070007;000175;2021-11-07;2021-11-07;20.00;758.00;USD;Business Trip for Johann, Lothar;O;Prinz;2021-10-20T12:58:21Z;Benjamin;2021-10-22T18:55:45Z
59667221A8E4645C17002DF03754AB66;00000264;070010;000021;2021-11-07;2021-11-07;30.00;1152.00;USD;Business Trip for Uli, Achim, Stephen;O;Neubasler;2021-10-03T17:08:58Z;Lautenbach;2021-10-06T01:11:46Z
5A667221A8E4645C17002DF03754AB66;00000265;070050;000434;2021-11-07;2021-11-07;30.00;1192.00;USD;Vacation;O;Waldmann;2021-10-03T06:05:50Z;Simonen;2021-10-23T05:41:50Z
5B667221A8E4645C17002DF03754AB66;00000266;070014;000123;2021-11-07;2021-11-07;10.00;398.00;USD;Vacation for Georg;O;Henry;2021-10-19T02:31:03Z;Detemple;2021-10-24T07:31:22Z
5C667221A8E4645C17002DF03754AB66;00000267;070005;000170;2021-11-07;2021-11-07;20.00;845.00;USD;Vacation;O;Moyano;2021-10-09T06:29:50Z;Buehler;2021-10-11T15:51:58Z
5D667221A8E4645C17002DF03754AB66;00000268;070008;000235;2021-11-07;2021-11-07;30.00;1268.00;USD;Business Trip for Salvador, Max, Simon;O;Barth;2021-10-08T19:40:04Z;Kirk;2021-10-11T02:23:52Z
5E667221A8E4645C17002DF03754AB66;00000269;070015;000343;2021-11-07;2021-11-07;20.00;868.00;USD;Vacation for Claire, Kurt;O;Eichbaum;2021-10-13T04:31:36Z;Hoffen;2021-10-18T16:44:01Z
5F667221A8E4645C17002DF03754AB66;00000270;070007;000497;2021-11-07;2021-11-07;20.00;996.00;USD;Business Trip for Kurt, Ida;O;Martin;2021-10-17T11:08:36Z;Babilon;2021-10-19T01:20:44Z
60667221A8E4645C17002DF03754AB66;00000271;070041;000390;2021-11-07;2021-11-07;10.00;441.00;USD;Vacation;O;Domenech;2021-10-13T23:15:57Z;Buchholm;2021-10-30T14:35:39Z
61667221A8E4645C17002DF03754AB66;00000272;070044;000031;2021-11-07;2021-11-07;30.00;1404.00;USD;Vacation;O;Babilon;2021-10-16T23:45:55Z;Buchholm;2021-11-04T11:02:15Z
62667221A8E4645C17002DF03754AB66;00000273;070004;000380;2021-11-07;2021-11-07;10.00;475.00;USD;Vacation;O;Ryan;2021-10-22T05:26:18Z;Mechler;2021-10-23T17:14:07Z
63667221A8E4645C17002DF03754AB66;00000274;070029;000486;2021-11-07;2021-11-07;10.00;552.00;USD;Sightseeing in Miami, Florida;A;Eichbaum;2021-10-03T01:21:14Z;Neubasler;2021-10-15T16:41:52Z
64667221A8E4645C17002DF03754AB66;00000275;070032;000071;2021-11-07;2022-09-02;40.00;5311.00;EUR;Visiting Salvador;A;Meier;2021-10-09T08:23:33Z;Jacqmain;2021-10-22T20:44:48Z
65667221A8E4645C17002DF03754AB66;00000276;070028;000048;2021-11-07;2022-09-02;40.00;5403.00;EUR;Sightseeing in New York City, New York;A;Madeira;2021-10-23T07:42:30Z;Marshall;2021-11-03T21:41:56Z
66667221A8E4645C17002DF03754AB66;00000277;070001;000110;2021-11-07;2021-11-07;30.00;4671.00;EUR;Vacation;O;Henry;2021-10-22T16:01:09Z;Eichbaum;2021-10-22T07:26:39Z
67667221A8E4645C17002DF03754AB66;00000278;070008;000308;2021-11-07;2021-11-07;20.00;3245.00;EUR;Business Trip for Georg, Kristina;O;Schneider;2021-10-04T00:25:38Z;Fischmann;2021-10-07T15:19:58Z
68667221A8E4645C17002DF03754AB66;00000279;070035;000378;2021-11-07;2022-09-02;40.00;5318.00;EUR;Visiting Ulla;A;Wohl;2021-10-13T11:11:04Z;Zimmermann;2021-10-27T03:16:10Z
69667221A8E4645C17002DF03754AB66;00000280;070043;000104;2021-11-07;2021-11-07;10.00;496.00;USD;Vacation;O;Jeremias;2021-10-21T09:25:47Z;Delon;2021-11-07T00:49:29Z
6A667221A8E4645C17002DF03754AB66;00000281;070027;000473;2021-11-07;2022-09-02;20.00;2614.00;EUR;Sightseeing in New York City, New York;A;Sudhoff;2021-10-17T15:23:52Z;Sommer;2021-10-28T16:53:27Z
6B667221A8E4645C17002DF03754AB66;00000282;070032;000469;2021-11-07;2022-09-02;40.00;5255.00;EUR;Visiting Theresia;A;Babilon;2021-10-22T05:23:54Z;Goelke;2021-11-04T12:46:38Z
6C667221A8E4645C17002DF03754AB66;00000283;070022;000331;2021-11-07;2022-09-02;40.00;5287.00;EUR;Vacation to USA;O;Matthaeus;2021-10-19T08:45:41Z;D´Oultrement;2021-10-28T10:48:00Z
6D667221A8E4645C17002DF03754AB66;00000284;070018;000315;2021-11-07;2022-09-02;60.00;7889.00;EUR;Business Trip to USA;O;Meier;2021-10-09T05:12:06Z;Waldmann;2021-10-16T20:22:35Z
6E667221A8E4645C17002DF03754AB66;00000285;070010;000661;2021-11-07;2021-11-07;20.00;3222.00;EUR;Business Trip for Ulla, Florian;O;Weiss;2021-10-19T21:56:13Z;Leisert;2021-10-23T13:47:59Z
6F667221A8E4645C17002DF03754AB66;00000286;070026;000097;2021-11-07;2022-09-02;40.00;5275.00;EUR;Sightseeing in New York City, New York;A;Weiss;2021-10-10T10:40:41Z;Cesari;2021-10-20T13:19:19Z
70667221A8E4645C17002DF03754AB66;00000287;070007;000520;2021-11-07;2021-11-07;10.00;1577.00;EUR;Business Trip for Ulla;O;Picard;2021-10-13T13:50:13Z;Weiss;2021-10-15T19:26:57Z
71667221A8E4645C17002DF03754AB66;00000288;070021;000285;2021-11-07;2022-09-02;40.00;5335.00;EUR;Vacation to USA;O;Deichgraeber;2021-10-04T10:10:52Z;Matthaeus;2021-10-12T18:46:55Z
72667221A8E4645C17002DF03754AB66;00000289;070020;000606;2021-11-07;2022-09-02;40.00;5294.00;EUR;Business Trip to USA;O;Gahl;2021-10-21T11:59:28Z;Zimmermann;2021-10-29T12:51:25Z
73667221A8E4645C17002DF03754AB66;00000290;070004;000290;2021-11-07;2021-11-07;10.00;1550.00;EUR;Vacation;O;Koslowski;2021-10-10T04:53:50Z;Dumbach;2021-10-11T03:30:33Z
74667221A8E4645C17002DF03754AB66;00000291;070039;000045;2021-11-07;2022-09-02;20.00;2711.00;EUR;Business Trip;O;Dumbach;2021-10-07T06:09:38Z;Simonen;2021-10-23T04:35:08Z
75667221A8E4645C17002DF03754AB66;00000292;070012;000291;2021-11-07;2022-09-02;20.00;2632.00;EUR;Vacation for Astrid,;O;Madeira;2021-10-14T11:24:38Z;Babilon;2021-10-19T20:11:59Z
76667221A8E4645C17002DF03754AB66;00000293;070003;000384;2021-11-07;2021-11-07;10.00;1570.00;EUR;Vacation;O;Vrsic;2021-10-14T13:49:01Z;Miguel;2021-10-13T23:44:26Z
77667221A8E4645C17002DF03754AB66;00000294;070007;000450;2021-11-07;2021-11-07;20.00;3228.00;EUR;Business Trip for Theresia, Theresia;O;Matthaeus;2021-10-18T06:19:31Z;Heller;2021-10-20T10:47:04Z
78667221A8E4645C17002DF03754AB66;00000295;070013;000479;2021-11-07;2022-09-02;20.00;2685.00;EUR;Vacation for Pierre,;O;Hansmann;2021-10-06T22:05:44Z;Mustermann;2021-10-11T03:32:46Z
79667221A8E4645C17002DF03754AB66;00000296;070010;000458;2021-11-07;2021-11-07;10.00;1638.00;EUR;Business Trip for Annemarie;O;Becker;2021-10-22T04:08:15Z;Dumbach;2021-10-25T22:06:11Z
7A667221A8E4645C17002DF03754AB66;00000297;070026;000375;2021-11-07;2022-09-02;20.00;2740.00;EUR;Sightseeing in New York City, New York;A;Eichbaum;2021-10-04T16:29:27Z;Sudhoff;2021-10-14T16:40:27Z
7B667221A8E4645C17002DF03754AB66;00000298;070012;000262;2021-11-07;2022-09-02;60.00;8156.00;EUR;Vacation for Gisela, James, Felix,;O;Babilon;2021-10-22T06:29:10Z;Simonen;2021-10-27T11:11:40Z
7C667221A8E4645C17002DF03754AB66;00000299;070042;000012;2021-11-07;2022-09-02;20.00;2686.00;EUR;Vacation;O;Cesari;2021-10-09T06:03:05Z;Heller;2021-10-26T10:08:11Z
7D667221A8E4645C17002DF03754AB66;00000300;070021;000595;2021-11-07;2022-09-02;40.00;5382.00;EUR;Vacation to USA;O;Fischmann;2021-10-11T21:33:10Z;Müller;2021-10-19T00:51:19Z
7E667221A8E4645C17002DF03754AB66;00000301;070050;000214;2021-11-07;2022-09-02;40.00;5558.00;EUR;Vacation;O;Sommer;2021-10-20T11:41:49Z;Kramer;2021-11-09T16:55:01Z
7F667221A8E4645C17002DF03754AB66;00000302;070003;000078;2021-11-07;2021-11-07;10.00;1690.00;EUR;Vacation;O;Jeremias;2021-10-15T19:48:08Z;Sisko;2021-10-16T00:34:14Z
80667221A8E4645C17002DF03754AB66;00000303;070042;000359;2021-11-07;2022-09-02;60.00;8404.00;EUR;Vacation;O;Fischmann;2021-10-22T21:59:18Z;Leisert;2021-11-08T01:52:09Z
81667221A8E4645C17002DF03754AB66;00000304;070046;000145;2021-11-07;2022-09-02;40.00;5591.00;EUR;Vacation;O;Zimmermann;2021-10-15T15:51:24Z;Moyano;2021-11-02T12:00:02Z
82667221A8E4645C17002DF03754AB66;00000305;070016;000357;2021-11-07;2022-09-02;20.00;2800.00;EUR;Business Trip to USA;O;Neubasler;2021-10-12T05:59:26Z;Mechler;2021-10-18T01:36:46Z
83667221A8E4645C17002DF03754AB66;00000306;070048;000149;2021-11-07;2022-09-02;40.00;5726.00;EUR;Vacation;O;Pan;2021-10-15T00:28:17Z;Fischmann;2021-11-03T19:31:01Z
84667221A8E4645C17002DF03754AB66;00000307;070003;000640;2021-11-07;2021-11-07;20.00;3502.00;EUR;Vacation;O;Pan;2021-10-10T04:13:10Z;Dumbach;2021-10-11T18:48:57Z
85667221A8E4645C17002DF03754AB66;00000308;070025;000671;2021-11-07;2022-09-02;40.00;5923.00;EUR;Vacation to USA;O;Eichbaum;2021-10-20T15:54:16Z;Schneider;2021-10-30T16:29:05Z
86667221A8E4645C17002DF03754AB66;00000309;070013;000538;2021-11-07;2022-09-02;40.00;5742.00;EUR;Vacation for Uli, Siegfried,;O;Benz;2021-10-13T03:50:45Z;Wohl;2021-10-18T02:34:12Z
87667221A8E4645C17002DF03754AB66;00000310;070025;000122;2021-11-07;2022-09-02;60.00;8536.00;EUR;Vacation to USA;O;Domenech;2021-10-06T09:35:35Z;Delon;2021-10-16T14:44:48Z
88667221A8E4645C17002DF03754AB66;00000311;070028;000308;2021-11-07;2022-09-02;40.00;5907.00;EUR;Sightseeing in New York City, New York;A;Zimmermann;2021-10-16T21:39:35Z;Leisert;2021-10-27T11:14:29Z
89667221A8E4645C17002DF03754AB66;00000312;070017;000399;2021-11-07;2022-09-02;20.00;3004.00;EUR;Business Trip to USA;O;Becker;2021-10-06T02:37:11Z;Barth;2021-10-13T22:05:34Z
8A667221A8E4645C17002DF03754AB66;00000313;070045;000436;2021-11-07;2022-09-02;40.00;5930.00;EUR;Vacation;O;Montero;2021-10-17T14:43:01Z;Montero;2021-11-04T15:39:54Z
8B667221A8E4645C17002DF03754AB66;00000314;070046;000096;2021-11-07;2022-09-02;40.00;6107.00;EUR;Vacation;O;Deichgraeber;2021-10-20T10:58:46Z;Cesari;2021-11-07T19:53:15Z
8C667221A8E4645C17002DF03754AB66;00000315;070018;000413;2021-11-07;2022-09-02;40.00;6125.00;EUR;Business Trip to USA;O;Trensch;2021-10-13T09:34:33Z;Kreiss;2021-10-20T09:46:35Z
8D667221A8E4645C17002DF03754AB66;00000316;070019;000404;2021-11-07;2022-09-02;40.00;6147.00;EUR;Business Trip to USA;O;Delon;2021-10-19T04:34:55Z;Dumbach;2021-10-26T09:55:05Z
8E667221A8E4645C17002DF03754AB66;00000317;070002;000511;2021-11-07;2021-11-07;10.00;1868.00;EUR;Vacation;O;Pan;2021-10-05T11:07:02Z;Babilon;2021-10-05T18:01:23Z
8F667221A8E4645C17002DF03754AB66;00000318;070006;000538;2021-11-07;2021-11-07;20.00;3776.00;EUR;Business Trip for Volker, Christine;O;Columbo;2021-10-13T20:29:24Z;Meier;2021-10-15T01:51:35Z
90667221A8E4645C17002DF03754AB66;00000319;070009;000509;2021-11-07;2021-11-07;20.00;3846.00;EUR;Business Trip for Horst, Pierre;O;Barth;2021-10-19T00:12:36Z;Columbo;2021-10-22T02:50:07Z
91667221A8E4645C17002DF03754AB66;00000320;070040;000600;2021-11-07;2022-09-02;20.00;3136.00;EUR;Business Trip;O;Hansmann;2021-10-16T16:37:50Z;Eichbaum;2021-11-01T04:33:03Z
92667221A8E4645C17002DF03754AB66;00000321;070044;000486;2021-11-07;2022-09-02;40.00;6299.00;EUR;Vacation;O;Jacqmain;2021-10-04T13:36:29Z;Weiss;2021-10-22T08:01:27Z
93667221A8E4645C17002DF03754AB66;00000322;070020;000130;2021-11-07;2022-09-02;40.00;6389.00;EUR;Business Trip to USA;O;Lindwurm;2021-10-04T03:02:13Z;Wohl;2021-10-12T18:21:04Z
94667221A8E4645C17002DF03754AB66;00000323;070011;000491;2021-11-07;2022-09-02;60.00;9741.00;EUR;Vacation for Jean, Juan, Simon,;O;Deichgraeber;2021-10-22T08:11:58Z;D´Oultrement;2021-10-26T18:29:38Z
95667221A8E4645C17002DF03754AB66;00000324;070013;000539;2021-11-07;2022-09-02;20.00;3302.00;EUR;Vacation for Cindy,;O;Fischmann;2021-10-08T05:12:44Z;Mechler;2021-10-13T00:07:56Z
96667221A8E4645C17002DF03754AB66;00000325;070014;000024;2021-11-07;2022-09-02;40.00;6556.00;EUR;Vacation for Siegfried, Mathilde,;O;D´Oultrement;2021-10-18T19:11:41Z;Picard;2021-10-23T08:08:25Z
97667221A8E4645C17002DF03754AB66;00000326;070021;000409;2021-11-07;2022-09-02;40.00;6730.00;EUR;Vacation to USA;O;Kramer;2021-10-15T20:38:13Z;Meier;2021-10-23T11:02:41Z
98667221A8E4645C17002DF03754AB66;00000327;070025;000642;2021-11-07;2022-09-02;40.00;6804.00;EUR;Vacation to USA;O;Hunter;2021-10-12T13:32:26Z;Weiss;2021-10-22T09:16:59Z
99667221A8E4645C17002DF03754AB66;00000328;070005;000007;2021-11-07;2021-11-07;10.00;2105.00;EUR;Vacation;O;Domenech;2021-10-04T03:29:20Z;Koslowski;2021-10-06T14:41:44Z
9A667221A8E4645C17002DF03754AB66;00000329;070012;000462;2021-11-07;2022-09-02;60.00;10274.00;EUR;Vacation for Georg, Johann, Hendrik,;O;Sessler;2021-10-21T11:26:59Z;Zimmermann;2021-10-25T14:32:21Z
9B667221A8E4645C17002DF03754AB66;00000330;070007;000363;2021-11-07;2021-11-07;30.00;6639.00;EUR;Business Trip for Allen, James, Anna;O;Buehler;2021-10-12T18:29:50Z;Pan;2021-10-14T06:07:43Z
9C667221A8E4645C17002DF03754AB66;00000331;070025;000114;2021-11-07;2022-09-02;60.00;10521.00;EUR;Vacation to USA;O;Delon;2021-10-03T07:52:51Z;Marshall;2021-10-13T09:51:23Z
9D667221A8E4645C17002DF03754AB66;00000332;070048;000185;2021-11-07;2022-09-02;40.00;7302.00;EUR;Vacation;O;Vrsic;2021-10-17T18:12:56Z;Pan;2021-11-05T00:16:10Z
9E667221A8E4645C17002DF03754AB66;00000333;070048;000171;2021-11-07;2022-09-02;60.00;10960.00;EUR;Vacation;O;Becker;2021-10-09T06:38:23Z;Buehler;2021-10-29T22:33:21Z
9F667221A8E4645C17002DF03754AB66;00000334;070048;000139;2021-11-07;2022-09-02;60.00;10960.00;EUR;Vacation;O;Hansmann;2021-10-10T03:12:43Z;Hansmann;2021-10-30T03:25:23Z
A0667221A8E4645C17002DF03754AB66;00000335;070033;000530;2021-11-07;2022-09-02;20.00;3732.00;EUR;Visiting Christoph;A;Martin;2021-10-12T10:04:57Z;Babilon;2021-10-25T01:56:50Z
A1667221A8E4645C17002DF03754AB66;00000336;070029;000639;2021-11-07;2022-09-02;20.00;3759.00;EUR;Sightseeing in New York City, New York;A;Legrand;2021-10-09T03:08:39Z;Wohl;2021-10-21T07:06:03Z
A2667221A8E4645C17002DF03754AB66;00000337;070038;000088;2021-11-07;2022-09-02;20.00;3783.00;EUR;Business Trip;O;Wohl;2021-10-10T19:37:22Z;Picard;2021-10-25T03:09:10Z
A3667221A8E4645C17002DF03754AB66;00000338;070003;000171;2021-11-07;2021-11-07;20.00;4858.00;EUR;Vacation;O;Matthaeus;2021-10-20T03:03:06Z;Koller;2021-10-21T10:34:10Z
A4667221A8E4645C17002DF03754AB66;00000339;070022;000165;2021-11-07;2022-09-02;40.00;7792.00;EUR;Vacation to USA;O;Henry;2021-10-17T13:43:23Z;Weiss;2021-10-26T07:55:09Z
A5667221A8E4645C17002DF03754AB66;00000340;070012;000425;2021-11-07;2022-09-02;40.00;7918.00;EUR;Vacation for Andreas, Friedrich,;O;Müller;2021-10-05T20:03:01Z;Sisko;2021-10-09T21:44:23Z
A6667221A8E4645C17002DF03754AB66;00000341;070028;000545;2021-11-07;2022-09-02;40.00;7842.00;EUR;Sightseeing in New York City, New York;A;Rahn;2021-10-09T08:56:05Z;D´Oultrement;2021-10-20T21:51:27Z
A7667221A8E4645C17002DF03754AB66;00000342;070018;000477;2021-11-07;2022-09-02;60.00;12053.00;EUR;Business Trip to USA;O;Gutenberg;2021-10-08T21:51:27Z;Müller;2021-10-15T00:59:54Z
A8667221A8E4645C17002DF03754AB66;00000343;070003;000345;2021-11-07;2021-11-07;10.00;2643.00;EUR;Vacation;O;Gueldenpfenn;2021-10-22T03:30:43Z;Hansmann;2021-10-23T16:47:44Z
A9667221A8E4645C17002DF03754AB66;00000344;070042;000194;2021-11-07;2022-09-02;40.00;8393.00;EUR;Vacation;O;Waldmann;2021-10-12T22:23:39Z;Becker;2021-10-29T05:10:44Z
AA667221A8E4645C17002DF03754AB66;00000345;070017;000601;2022-09-02;2022-09-02;30.00;4532.00;USD;Business Trip to USA;O;Delon;2022-01-04T13:01:03Z;Pratt;2022-01-10T10:08:12Z
AB667221A8E4645C17002DF03754AB66;00000346;070001;000251;2022-09-02;2022-09-02;30.00;4713.00;USD;Vacation;O;Illner;2022-01-04T14:18:25Z;Miguel;2022-01-04T13:56:03Z
AC667221A8E4645C17002DF03754AB66;00000347;070021;000149;2021-11-07;2022-09-02;20.00;4225.00;EUR;Vacation to USA;O;Müller;2021-10-09T02:19:19Z;Barth;2021-10-17T21:17:48Z
AD667221A8E4645C17002DF03754AB66;00000348;070003;000661;2022-09-02;2022-09-02;10.00;1628.00;USD;Vacation;O;Hunter;2022-01-04T13:38:24Z;Gahl;2022-01-04T10:28:53Z
AE667221A8E4645C17002DF03754AB66;00000349;070046;000079;2022-09-02;2022-09-02;20.00;3131.00;USD;Vacation;O;Becker;2022-01-04T13:50:01Z;Pratt;2022-01-23T23:01:12Z
AF667221A8E4645C17002DF03754AB66;00000350;070009;000641;2022-09-02;2022-09-02;20.00;3214.00;USD;Business Trip for Ulla, Pierre;O;Buehler;2022-01-04T07:51:40Z;Heller;2022-01-07T07:33:03Z
B0667221A8E4645C17002DF03754AB66;00000351;070041;000238;2022-09-02;2022-09-02;30.00;4814.00;USD;Vacation;O;Schneider;2022-01-04T02:26:19Z;Detemple;2022-01-20T16:20:04Z
B1667221A8E4645C17002DF03754AB66;00000352;070033;000190;2022-09-02;2022-09-02;20.00;3297.00;USD;Visiting August;A;Domenech;2022-01-04T17:10:47Z;Gueldenpfenn;2022-01-17T15:03:22Z
B2667221A8E4645C17002DF03754AB66;00000353;070013;000428;2022-09-02;2022-09-02;30.00;5121.00;USD;Vacation for Uli, Allen, Stephen;O;Illner;2022-01-04T05:19:05Z;Dumbach;2022-01-09T12:39:10Z
B3667221A8E4645C17002DF03754AB66;00000354;070037;000310;2022-09-02;2022-09-02;30.00;5026.00;USD;Business Trip;A;Schneider;2022-01-04T19:07:17Z;Pan;2022-01-19T16:53:03Z
B4667221A8E4645C17002DF03754AB66;00000355;070007;000356;2022-09-02;2022-09-02;20.00;3447.00;USD;Business Trip for Ruth, Cindy;O;Domenech;2022-01-04T04:32:29Z;Koslowski;2022-01-06T15:59:42Z
B5667221A8E4645C17002DF03754AB66;00000356;070033;000131;2022-09-02;2022-09-02;10.00;1755.00;USD;Visiting Laura;A;Koslowski;2022-01-04T07:59:24Z;Heller;2022-01-17T04:42:54Z
B6667221A8E4645C17002DF03754AB66;00000357;070025;000308;2022-09-02;2022-09-02;10.00;1797.00;USD;Vacation to USA;O;Detemple;2022-01-04T21:24:22Z;Sisko;2022-01-14T03:17:04Z
B7667221A8E4645C17002DF03754AB66;00000358;070023;000288;2022-09-02;2022-09-02;30.00;5455.00;USD;Vacation to USA;O;Fischer;2022-01-04T16:45:21Z;Moyano;2022-01-13T23:27:50Z
B8667221A8E4645C17002DF03754AB66;00000359;070019;000436;2022-09-02;2022-09-02;20.00;3640.00;USD;Business Trip to USA;O;Hansmann;2022-01-04T17:06:25Z;Sudhoff;2022-01-11T04:49:08Z
B9667221A8E4645C17002DF03754AB66;00000360;070028;000343;2022-09-02;2022-09-02;10.00;1846.00;USD;Sightseeing in San Francisco, California;A;Jeremias;2022-01-04T01:21:59Z;Fischmann;2022-01-15T00:10:52Z
BA667221A8E4645C17002DF03754AB66;00000361;070036;000545;2022-09-02;2022-09-02;30.00;5553.00;USD;Business Trip;A;Pratt;2022-01-04T03:31:23Z;Barth;2022-01-19T13:03:32Z
BB667221A8E4645C17002DF03754AB66;00000362;070015;000510;2022-09-01;2022-09-01;60.00;14373.00;SGD;Vacation for Salvador, Ida, Amelie,;O;Sisko;2022-01-04T02:10:02Z;Neubasler;2022-01-10T21:20:19Z
BC667221A8E4645C17002DF03754AB66;00000363;070015;000462;2022-09-01;2022-09-01;40.00;9651.00;SGD;Vacation for Uli, Claire,;O;Moyano;2022-01-04T00:54:10Z;Buchholm;2022-01-10T16:12:51Z
BD667221A8E4645C17002DF03754AB66;00000364;070038;000386;2022-09-01;2022-09-01;60.00;14340.00;SGD;Business Trip;A;Wohl;2022-01-04T10:28:25Z;Trensch;2022-01-19T04:40:19Z
BE667221A8E4645C17002DF03754AB66;00000365;070032;000233;2022-09-01;2022-09-01;40.00;9540.00;SGD;Visiting Sophie;A;Legrand;2022-01-04T15:06:15Z;Sessler;2022-01-17T08:54:19Z
BF667221A8E4645C17002DF03754AB66;00000366;070010;000477;2022-09-01;2022-09-01;10.00;1395.00;SGD;Business Trip for Johannes;O;Trensch;2022-01-04T12:44:05Z;Kramer;2022-01-07T11:44:07Z
C0667221A8E4645C17002DF03754AB66;00000367;070041;000724;2022-09-01;2022-09-01;40.00;9537.00;SGD;Vacation;O;Becker;2022-01-04T11:11:16Z;Babilon;2022-01-21T23:33:57Z
C1667221A8E4645C17002DF03754AB66;00000368;070035;000376;2022-09-01;2022-09-01;60.00;14427.00;SGD;Visiting Anne-Marie;A;Benz;2022-01-04T08:17:21Z;Henry;2022-01-18T03:35:34Z
C2667221A8E4645C17002DF03754AB66;00000369;070016;000179;2022-09-01;2022-09-01;40.00;9533.00;SGD;Business Trip to Singapore;O;Picard;2022-01-04T06:12:46Z;Goelke;2022-01-10T20:08:19Z
C3667221A8E4645C17002DF03754AB66;00000370;070010;000545;2022-09-01;2022-09-01;20.00;2730.00;SGD;Business Trip for Cindy, Sophie;O;Montero;2022-01-04T05:04:11Z;Dumbach;2022-01-07T15:53:22Z
C4667221A8E4645C17002DF03754AB66;00000371;070020;000237;2022-09-01;2022-09-01;20.00;4758.00;SGD;Business Trip to Singapore;O;Legrand;2022-01-04T04:03:23Z;Hansmann;2022-01-12T09:14:00Z
C5667221A8E4645C17002DF03754AB66;00000372;070019;000498;2022-09-01;2022-09-01;40.00;9792.00;SGD;Business Trip to Singapore;O;Wohl;2022-01-04T14:00:59Z;Miguel;2022-01-11T04:26:54Z
C6667221A8E4645C17002DF03754AB66;00000373;070018;000496;2022-09-01;2022-09-01;40.00;9842.00;SGD;Business Trip to Singapore;O;Delon;2022-01-04T17:11:38Z;Gueldenpfenn;2022-01-11T10:53:42Z
C7667221A8E4645C17002DF03754AB66;00000374;070032;000058;2022-09-01;2022-09-01;60.00;14840.00;SGD;Visiting Jean;A;Matthaeus;2022-01-04T21:18:55Z;Sisko;2022-01-17T11:05:37Z
C8667221A8E4645C17002DF03754AB66;00000375;070041;000509;2022-09-01;2022-09-01;40.00;9969.00;SGD;Vacation;O;Detemple;2022-01-04T16:06:01Z;Schneider;2022-01-21T02:27:52Z
C9667221A8E4645C17002DF03754AB66;00000376;070040;000050;2022-09-01;2022-09-01;40.00;9843.00;SGD;Business Trip;O;Benjamin;2022-01-04T05:19:35Z;Dumbach;2022-01-20T14:59:43Z
CA667221A8E4645C17002DF03754AB66;00000377;070034;000051;2022-09-01;2022-09-01;60.00;14918.00;SGD;Visiting Irmtraut;A;Hoffen;2022-01-04T11:03:38Z;Cesari;2022-01-18T05:17:03Z
CB667221A8E4645C17002DF03754AB66;00000378;070005;000384;2022-09-01;2022-09-01;30.00;4353.00;SGD;Vacation;O;Jacqmain;2022-01-04T00:02:27Z;Vrsic;2022-01-05T09:17:17Z
CC667221A8E4645C17002DF03754AB66;00000379;070019;000096;2022-09-01;2022-09-01;40.00;10135.00;SGD;Business Trip to Singapore;O;Benjamin;2022-01-04T17:45:33Z;Sudhoff;2022-01-11T13:30:56Z
CD667221A8E4645C17002DF03754AB66;00000380;070047;000069;2022-09-01;2022-09-01;20.00;4967.00;SGD;Vacation;O;Goelke;2022-01-04T15:05:08Z;Domenech;2022-01-23T06:37:30Z
CE667221A8E4645C17002DF03754AB66;00000381;070023;000638;2022-09-01;2022-09-01;40.00;9948.00;SGD;Vacation to Singapore;O;Buehler;2022-01-04T01:46:55Z;Columbo;2022-01-13T06:04:42Z
CF667221A8E4645C17002DF03754AB66;00000382;070039;000378;2022-09-01;2022-09-01;20.00;5074.00;SGD;Business Trip;O;Weiss;2022-01-04T11:32:38Z;Cesari;2022-01-20T14:54:54Z
D0667221A8E4645C17002DF03754AB66;00000383;070016;000707;2022-09-01;2022-09-01;20.00;5126.00;SGD;Business Trip to Singapore;O;Waldmann;2022-01-04T23:49:39Z;Fischer;2022-01-10T06:06:20Z
D1667221A8E4645C17002DF03754AB66;00000384;070025;000687;2022-09-01;2022-09-01;40.00;10289.00;SGD;Vacation to Singapore;O;Pan;2022-01-04T12:17:16Z;Kramer;2022-01-14T19:20:39Z
D2667221A8E4645C17002DF03754AB66;00000385;070046;000465;2022-09-01;2022-09-01;60.00;15416.00;SGD;Vacation;O;Becker;2022-01-04T21:00:25Z;Meier;2022-01-23T23:44:38Z
D3667221A8E4645C17002DF03754AB66;00000386;070022;000528;2022-09-01;2022-09-01;60.00;15437.00;SGD;Vacation to Singapore;O;Gueldenpfenn;2022-01-04T18:40:19Z;Ryan;2022-01-13T17:02:48Z
D4667221A8E4645C17002DF03754AB66;00000387;070025;000493;2022-09-01;2022-09-01;60.00;15816.00;SGD;Vacation to Singapore;O;Henry;2022-01-04T04:31:39Z;Koller;2022-01-14T08:36:42Z
D5667221A8E4645C17002DF03754AB66;00000388;070023;000041;2022-09-01;2022-09-01;40.00;10688.00;SGD;Vacation to Singapore;O;Benjamin;2022-01-04T21:42:55Z;Meier;2022-01-13T14:43:14Z
D6667221A8E4645C17002DF03754AB66;00000389;070038;000447;2022-09-01;2022-09-01;20.00;5311.00;SGD;Business Trip;O;Martin;2022-01-04T08:17:22Z;Legrand;2022-01-19T02:46:36Z
D7667221A8E4645C17002DF03754AB66;00000390;070016;000507;2022-09-01;2022-09-01;60.00;16040.00;SGD;Business Trip to Singapore;O;Meier;2022-01-04T20:33:29Z;Kirk;2022-01-10T21:41:46Z
D8667221A8E4645C17002DF03754AB66;00000391;070006;000186;2022-09-01;2022-09-01;10.00;1543.00;SGD;Business Trip for Achim;O;Sisko;2022-01-04T07:03:23Z;Simonen;2022-01-06T21:23:53Z
D9667221A8E4645C17002DF03754AB66;00000392;070026;000681;2022-09-01;2022-09-01;60.00;16214.00;SGD;Sightseeing in Singapore;A;Pan;2022-01-04T07:20:14Z;Simonen;2022-01-14T19:46:16Z
DA667221A8E4645C17002DF03754AB66;00000393;070020;000487;2022-09-01;2022-09-01;40.00;10759.00;SGD;Business Trip to Singapore;O;Goelke;2022-01-04T15:44:23Z;Domenech;2022-01-12T06:36:00Z
DB667221A8E4645C17002DF03754AB66;00000394;070026;000615;2022-09-01;2022-09-01;40.00;10852.00;SGD;Sightseeing in Singapore;A;Miguel;2022-01-04T14:07:46Z;Benjamin;2022-01-14T14:06:12Z
DC667221A8E4645C17002DF03754AB66;00000395;070044;000251;2022-09-01;2022-09-01;40.00;10884.00;SGD;Vacation;O;Vrsic;2022-01-04T01:29:46Z;Gutenberg;2022-01-22T00:32:36Z
DD667221A8E4645C17002DF03754AB66;00000396;070041;000569;2022-09-01;2022-09-01;40.00;11235.00;SGD;Vacation;O;Delon;2022-01-04T18:47:23Z;Ryan;2022-01-21T10:53:29Z
DE667221A8E4645C17002DF03754AB66;00000397;070019;000492;2022-09-01;2022-09-01;60.00;16947.00;SGD;Business Trip to Singapore;O;Heller;2022-01-04T11:03:07Z;Matthaeus;2022-01-11T07:44:49Z
DF667221A8E4645C17002DF03754AB66;00000398;070040;000168;2022-09-01;2022-09-01;20.00;5613.00;SGD;Business Trip;O;Hansmann;2022-01-04T11:05:30Z;Matthaeus;2022-01-20T03:04:14Z
E0667221A8E4645C17002DF03754AB66;00000399;070046;000439;2022-09-01;2022-09-01;20.00;5671.00;SGD;Vacation;O;Koslowski;2022-01-04T10:56:58Z;Delon;2022-01-23T04:47:07Z
E1667221A8E4645C17002DF03754AB66;00000400;070033;000519;2022-09-01;2022-09-01;40.00;11559.00;SGD;Visiting Max;A;Delon;2022-01-04T09:07:13Z;D´Oultrement;2022-01-17T10:41:43Z
E2667221A8E4645C17002DF03754AB66;00000401;070028;000667;2022-09-01;2022-09-01;60.00;17584.00;SGD;Sightseeing in Singapore;A;Neubasler;2022-01-04T18:06:26Z;Ryan;2022-01-15T02:43:40Z
E3667221A8E4645C17002DF03754AB66;00000402;070019;000199;2022-09-01;2022-09-01;20.00;5824.00;SGD;Business Trip to Singapore;O;Miguel;2022-01-04T23:38:54Z;Becker;2022-01-11T14:07:40Z
E4667221A8E4645C17002DF03754AB66;00000403;070008;000309;2022-09-01;2022-09-01;20.00;3489.00;SGD;Business Trip for Lothar, Fabio;O;Cesari;2022-01-04T17:39:12Z;Sudhoff;2022-01-06T11:19:50Z
E5667221A8E4645C17002DF03754AB66;00000404;070041;000003;2022-09-01;2022-09-01;20.00;5900.00;SGD;Vacation;O;Schneider;2022-01-04T15:34:52Z;Sessler;2022-01-21T16:44:57Z
E6667221A8E4645C17002DF03754AB66;00000405;070010;000325;2022-09-01;2022-09-01;10.00;1887.00;SGD;Business Trip for Allen;O;Schneider;2022-01-04T01:14:58Z;Fischmann;2022-01-08T16:44:42Z
E7667221A8E4645C17002DF03754AB66;00000406;070027;000561;2022-09-01;2022-09-01;20.00;5872.00;SGD;Sightseeing in Singapore;A;Montero;2022-01-04T15:58:50Z;Sessler;2022-01-15T15:44:25Z
E8667221A8E4645C17002DF03754AB66;00000407;070048;000707;2022-09-01;2022-09-01;40.00;11774.00;SGD;Vacation;O;Jeremias;2022-01-04T12:05:40Z;Kramer;2022-01-23T00:52:05Z
E9667221A8E4645C17002DF03754AB66;00000408;070018;000222;2022-09-01;2022-09-01;40.00;11888.00;SGD;Business Trip to Singapore;O;Fischmann;2022-01-04T07:22:41Z;Buehler;2022-01-11T01:21:05Z
EA667221A8E4645C17002DF03754AB66;00000409;070050;000157;2022-09-01;2022-09-01;40.00;12128.00;SGD;Vacation;O;Simonen;2022-01-04T07:35:46Z;Simonen;2022-01-24T07:41:12Z
EB667221A8E4645C17002DF03754AB66;00000410;070047;000181;2022-09-01;2022-09-01;20.00;6062.00;SGD;Vacation;O;Kramer;2022-01-04T15:22:24Z;Sessler;2022-01-23T12:47:04Z
EC667221A8E4645C17002DF03754AB66;00000411;070013;000588;2022-09-01;2022-09-01;20.00;6165.00;SGD;Vacation for Jean,;O;Domenech;2022-01-04T23:05:05Z;Fischer;2022-01-09T15:12:12Z
ED667221A8E4645C17002DF03754AB66;00000412;070044;000129;2022-09-01;2022-09-01;20.00;6111.00;SGD;Vacation;O;Hunter;2022-01-04T12:12:58Z;Zimmermann;2022-01-22T09:46:31Z
EE667221A8E4645C17002DF03754AB66;00000413;070001;000526;2022-09-01;2022-09-01;10.00;1887.00;SGD;Vacation;O;Pan;2022-01-04T17:33:55Z;Eichbaum;2022-01-04T19:23:09Z
EF667221A8E4645C17002DF03754AB66;00000414;070028;000297;2022-09-01;2022-09-01;20.00;6131.00;SGD;Sightseeing in Singapore;A;Eichbaum;2022-01-04T05:38:34Z;Dumbach;2022-01-15T17:13:18Z
F0667221A8E4645C17002DF03754AB66;00000415;070020;000345;2022-09-01;2022-09-01;40.00;12255.00;SGD;Business Trip to Singapore;O;Mustermann;2022-01-04T07:09:23Z;Simonen;2022-01-12T23:29:50Z
F1667221A8E4645C17002DF03754AB66;00000416;070032;000112;2022-09-01;2022-09-01;40.00;12667.00;SGD;Visiting Theresia;A;Kramer;2022-01-04T17:06:00Z;Sudhoff;2022-01-17T12:46:00Z
F2667221A8E4645C17002DF03754AB66;00000417;070039;000527;2022-09-01;2022-09-01;20.00;6337.00;SGD;Business Trip;O;Simonen;2022-01-04T16:14:23Z;Sommer;2022-01-20T07:17:11Z
F3667221A8E4645C17002DF03754AB66;00000418;070030;000443;2022-09-01;2022-09-01;20.00;6430.00;SGD;Sightseeing in Singapore;A;Martin;2022-01-04T16:05:50Z;Sommer;2022-01-16T02:31:11Z
F4667221A8E4645C17002DF03754AB66;00000419;070024;000207;2022-09-01;2022-09-01;20.00;6386.00;SGD;Vacation to Singapore;O;Weiss;2022-01-04T01:06:04Z;Columbo;2022-01-14T14:24:46Z
F5667221A8E4645C17002DF03754AB66;00000420;070011;000538;2022-09-01;2022-09-01;40.00;12681.00;SGD;Vacation for Ruth, Peter,;O;Ryan;2022-01-04T11:47:16Z;Trensch;2022-01-08T18:06:17Z
F6667221A8E4645C17002DF03754AB66;00000421;070028;000551;2022-09-01;2022-09-01;40.00;13102.00;SGD;Sightseeing in Singapore;A;Delon;2022-01-04T16:36:55Z;Schneider;2022-01-15T10:17:37Z
F7667221A8E4645C17002DF03754AB66;00000422;070016;000242;2022-09-01;2022-09-01;20.00;6554.00;SGD;Business Trip to Singapore;O;Neubasler;2022-01-04T01:25:17Z;Fischmann;2022-01-10T02:57:13Z
F8667221A8E4645C17002DF03754AB66;00000423;070001;000584;2022-09-01;2022-09-01;10.00;2069.00;SGD;Vacation;O;Waldmann;2022-01-04T01:45:19Z;Fischmann;2022-01-04T06:41:05Z
F9667221A8E4645C17002DF03754AB66;00000424;070024;000196;2022-09-01;2022-09-01;40.00;13096.00;SGD;Vacation to Singapore;O;Benz;2022-01-04T12:39:36Z;Kramer;2022-01-13T03:25:03Z
FA667221A8E4645C17002DF03754AB66;00000425;070046;000558;2022-09-01;2022-09-01;40.00;13198.00;SGD;Vacation;O;Mechler;2022-01-04T06:56:20Z;Waldmann;2022-01-22T06:06:32Z
FB667221A8E4645C17002DF03754AB66;00000426;070012;000645;2022-09-01;2022-09-01;20.00;6810.00;SGD;Vacation for August,;O;Kreiss;2022-01-04T11:15:59Z;Matthaeus;2022-01-08T10:11:31Z
FC667221A8E4645C17002DF03754AB66;00000427;070010;000432;2022-09-01;2022-09-01;10.00;2155.00;SGD;Business Trip for Anna;O;Kramer;2022-01-04T03:29:54Z;Barth;2022-01-08T12:47:51Z
FD667221A8E4645C17002DF03754AB66;00000428;070043;000067;2022-09-01;2022-09-01;60.00;20482.00;SGD;Vacation;O;Trensch;2022-01-04T02:23:36Z;Neubasler;2022-01-21T10:46:07Z
FE667221A8E4645C17002DF03754AB66;00000429;070045;000674;2022-09-01;2022-09-01;40.00;13686.00;SGD;Vacation;O;Sisko;2022-01-04T02:02:59Z;Detemple;2022-01-22T21:16:49Z
FF667221A8E4645C17002DF03754AB66;00000430;070010;000714;2022-09-01;2022-09-01;20.00;4547.00;SGD;Business Trip for Kurt, Theresia;O;Zimmermann;2022-01-04T23:25:45Z;Mustermann;2022-01-08T12:40:38Z
00677221A8E4645C17002DF03754AB66;00000431;070023;000310;2022-09-01;2022-09-01;40.00;13806.00;SGD;Vacation to Singapore;O;Mueller;2022-01-04T18:36:39Z;Lautenbach;2022-01-13T22:27:45Z
01677221A8E4645C17002DF03754AB66;00000432;070012;000681;2022-09-01;2022-09-01;60.00;21258.00;SGD;Vacation for Thomas, Ludwig, Fabio,;O;Montero;2022-01-04T06:18:43Z;Waldmann;2022-01-08T15:03:32Z
02677221A8E4645C17002DF03754AB66;00000433;070008;000463;2021-11-04;2021-11-04;20.00;298.00;USD;Business Trip for Jean-Luc, Lothar;O;Mustermann;2021-10-06T16:41:29Z;Gueldenpfenn;2021-10-09T21:46:46Z
03677221A8E4645C17002DF03754AB66;00000434;070009;000153;2021-11-04;2021-11-04;30.00;506.00;USD;Business Trip for Uli, Jean, Gisela;O;Dumbach;2021-10-08T08:07:58Z;Hunter;2021-10-11T04:07:35Z
04677221A8E4645C17002DF03754AB66;00000435;070012;000172;2021-11-04;2022-09-03;60.00;906.00;USD;Vacation for Stephen, Lee, Guenther,;O;Moyano;2021-10-06T10:00:02Z;Cesari;2021-10-11T15:05:04Z
05677221A8E4645C17002DF03754AB66;00000436;070012;000081;2021-11-04;2022-09-03;40.00;633.00;USD;Vacation for Astrid, Sophie,;O;Mechler;2021-10-19T00:39:04Z;Gutenberg;2021-10-23T05:25:22Z
06677221A8E4645C17002DF03754AB66;00000437;070040;000443;2021-11-04;2022-09-03;20.00;313.00;USD;Business Trip;O;Moyano;2021-10-15T13:31:28Z;Weiss;2021-10-31T16:43:47Z
07677221A8E4645C17002DF03754AB66;00000438;070022;000091;2021-11-04;2022-09-03;40.00;642.00;USD;Vacation to Cuba;O;Sommer;2021-10-16T10:37:16Z;Matthaeus;2021-10-25T15:06:26Z
08677221A8E4645C17002DF03754AB66;00000439;070024;000710;2021-11-04;2022-09-03;60.00;998.00;USD;Vacation to Cuba;O;Fischmann;2021-10-06T20:08:22Z;Meier;2021-10-15T00:07:31Z
09677221A8E4645C17002DF03754AB66;00000440;070016;000482;2021-11-04;2022-09-03;40.00;681.00;USD;Business Trip to Cuba;O;Goelke;2021-10-03T21:08:35Z;Leisert;2021-10-09T05:05:07Z
0A677221A8E4645C17002DF03754AB66;00000441;070005;000051;2021-11-04;2021-11-04;30.00;500.00;USD;Vacation;O;Hoffen;2021-10-13T21:11:28Z;Rahn;2021-10-14T04:10:00Z
0B677221A8E4645C17002DF03754AB66;00000442;070047;000482;2021-11-04;2022-09-03;40.00;638.00;USD;Vacation;O;Moyano;2021-10-16T06:18:20Z;Buehler;2021-11-04T16:19:06Z
0C677221A8E4645C17002DF03754AB66;00000443;070033;000303;2021-11-04;2022-09-03;20.00;298.00;USD;Visiting Laura;A;Kirk;2021-10-11T17:15:12Z;Prinz;2021-10-24T19:13:05Z
0D677221A8E4645C17002DF03754AB66;00000444;070022;000613;2021-11-04;2022-09-03;20.00;348.00;USD;Vacation to Cuba;O;Henry;2021-10-10T04:42:28Z;Hoffen;2021-10-19T07:53:31Z
0E677221A8E4645C17002DF03754AB66;00000445;070032;000009;2021-11-04;2022-09-03;40.00;596.00;USD;Visiting Christine;A;Ryan;2021-10-16T09:11:51Z;Kreiss;2021-10-29T17:33:02Z
0F677221A8E4645C17002DF03754AB66;00000446;070010;000250;2021-11-04;2021-11-04;10.00;176.00;USD;Business Trip for Dominik;O;Moyano;2021-10-06T11:04:51Z;Zimmermann;2021-10-09T15:12:57Z
10677221A8E4645C17002DF03754AB66;00000447;070030;000447;2021-11-04;2022-09-03;20.00;306.00;USD;Sightseeing in Havana;A;Buchholm;2021-10-12T04:42:51Z;Hoffen;2021-10-23T23:54:58Z
11677221A8E4645C17002DF03754AB66;00000448;070046;000228;2021-11-04;2022-09-03;20.00;336.00;USD;Vacation;O;Miguel;2021-10-01T16:18:55Z;Eichbaum;2021-10-20T13:33:49Z
12677221A8E4645C17002DF03754AB66;00000449;070037;000424;2021-11-04;2022-09-03;20.00;352.00;USD;Business Trip;A;Jacqmain;2021-10-20T22:37:49Z;Becker;2021-11-04T09:09:35Z
13677221A8E4645C17002DF03754AB66;00000450;070049;000723;2021-11-04;2022-09-03;20.00;329.00;USD;Vacation;O;Rahn;2021-10-11T14:10:54Z;Domenech;2021-10-31T21:59:32Z
14677221A8E4645C17002DF03754AB66;00000451;070018;000394;2021-11-04;2022-09-03;40.00;618.00;USD;Business Trip to Cuba;O;Buchholm;2021-10-12T05:23:01Z;Waldmann;2021-10-18T23:15:10Z
15677221A8E4645C17002DF03754AB66;00000452;070022;000634;2021-11-04;2022-09-03;40.00;687.00;USD;Vacation to Cuba;O;Trensch;2021-10-11T10:41:50Z;Cesari;2021-10-20T10:04:51Z
16677221A8E4645C17002DF03754AB66;00000453;070035;000193;2021-11-04;2022-09-03;60.00;976.00;USD;Visiting Simon;A;Delon;2021-10-03T23:58:43Z;Buchholm;2021-10-18T09:24:47Z
17677221A8E4645C17002DF03754AB66;00000454;070006;000685;2021-11-04;2021-11-04;20.00;493.00;USD;Business Trip for Astrid, Illya;O;Trensch;2021-10-14T09:37:35Z;Kreiss;2021-10-16T10:24:44Z
18677221A8E4645C17002DF03754AB66;00000455;070036;000159;2021-11-04;2022-09-03;40.00;733.00;USD;Business Trip;A;Ryan;2021-10-14T22:22:55Z;Mustermann;2021-10-28T17:09:33Z
19677221A8E4645C17002DF03754AB66;00000456;070013;000703;2021-11-04;2022-09-03;60.00;1069.00;USD;Vacation for James, Max, Ulla,;O;Simonen;2021-10-16T06:45:06Z;Heller;2021-10-21T06:09:36Z
1A677221A8E4645C17002DF03754AB66;00000457;070009;000554;2021-11-04;2021-11-04;30.00;633.00;USD;Business Trip for Theresia, Ruth, Peter;O;Prinz;2021-10-15T04:21:44Z;Koller;2021-10-18T17:52:37Z
1B677221A8E4645C17002DF03754AB66;00000458;070021;000472;2021-11-04;2022-09-03;20.00;412.00;USD;Vacation to Cuba;O;Cesari;2021-10-20T04:17:19Z;Goelke;2021-10-28T10:41:17Z
1C677221A8E4645C17002DF03754AB66;00000459;070007;000257;2021-11-04;2021-11-04;20.00;393.00;USD;Business Trip for Friedrich, Peter;O;Jeremias;2021-10-17T18:49:38Z;Deichgraeber;2021-10-18T23:31:34Z
1D677221A8E4645C17002DF03754AB66;00000460;070030;000525;2021-11-04;2022-09-03;40.00;795.00;USD;Sightseeing in Havana;A;Koslowski;2021-10-10T10:20:58Z;Matthaeus;2021-10-22T03:35:03Z
1E677221A8E4645C17002DF03754AB66;00000461;070023;000381;2021-11-04;2022-09-03;20.00;391.00;USD;Vacation to Cuba;O;Eichbaum;2021-10-12T08:27:38Z;Hunter;2021-10-21T16:17:47Z
1F677221A8E4645C17002DF03754AB66;00000462;070014;000606;2021-11-04;2022-09-03;60.00;1259.00;USD;Vacation for Peter, Ida, Johannes,;O;Cesari;2021-10-16T04:21:58Z;Koller;2021-10-21T10:25:19Z
20677221A8E4645C17002DF03754AB66;00000463;070003;000559;2021-11-04;2021-11-04;10.00;202.00;USD;Vacation;O;Benz;2021-10-09T11:44:55Z;Illner;2021-10-09T02:33:30Z
21677221A8E4645C17002DF03754AB66;00000464;070031;000078;2021-11-04;2022-09-03;20.00;414.00;USD;Visiting Allen;A;Henry;2021-10-13T16:25:26Z;Eichbaum;2021-10-25T07:25:34Z
22677221A8E4645C17002DF03754AB66;00000465;070040;000080;2021-11-04;2022-09-03;20.00;396.00;USD;Business Trip;O;Miguel;2021-10-08T05:01:07Z;Mechler;2021-10-24T13:07:57Z
23677221A8E4645C17002DF03754AB66;00000466;070036;000332;2021-11-04;2022-09-03;40.00;789.00;USD;Business Trip;A;Wohl;2021-10-16T12:19:13Z;Illner;2021-10-30T03:17:59Z
24677221A8E4645C17002DF03754AB66;00000467;070009;000295;2021-11-04;2021-11-04;10.00;224.00;USD;Business Trip for Uli;O;Gueldenpfenn;2021-10-05T17:57:34Z;Lautenbach;2021-10-08T16:39:35Z
25677221A8E4645C17002DF03754AB66;00000468;070012;000327;2021-11-04;2022-09-03;20.00;404.00;USD;Vacation for Thilo,;O;Dumbach;2021-10-05T06:27:24Z;Simonen;2021-10-09T04:56:45Z
26677221A8E4645C17002DF03754AB66;00000469;070042;000404;2021-11-04;2022-09-03;20.00;514.00;USD;Vacation;O;Rahn;2021-10-14T18:45:30Z;Deichgraeber;2021-10-31T22:14:03Z
27677221A8E4645C17002DF03754AB66;00000470;070006;000155;2021-11-04;2021-11-04;30.00;800.00;USD;Business Trip for Volker, Gisela, Juan;O;Waldmann;2021-10-04T19:44:31Z;Picard;2021-10-06T05:45:10Z
28677221A8E4645C17002DF03754AB66;00000471;070017;000458;2021-11-04;2022-09-03;20.00;431.00;USD;Business Trip to Cuba;O;Lautenbach;2021-10-14T23:06:40Z;Vrsic;2021-10-21T17:44:32Z
29677221A8E4645C17002DF03754AB66;00000472;070015;000358;2021-11-04;2022-09-03;60.00;1340.00;USD;Vacation for Illya, Cindy, Salvador,;O;Wohl;2021-10-04T20:27:19Z;Madeira;2021-10-10T03:40:28Z
2A677221A8E4645C17002DF03754AB66;00000473;070033;000680;2021-11-04;2022-09-03;60.00;1404.00;USD;Visiting Lee;A;Mechler;2021-10-17T13:05:08Z;Benjamin;2021-10-30T05:12:22Z
2B677221A8E4645C17002DF03754AB66;00000474;070016;000140;2021-11-04;2022-09-03;40.00;931.00;USD;Business Trip to Cuba;O;Neubasler;2021-10-14T01:10:19Z;Columbo;2021-10-20T01:49:43Z
2C677221A8E4645C17002DF03754AB66;00000475;070022;000102;2021-11-04;2022-09-03;20.00;495.00;USD;Vacation to Cuba;O;Gahl;2021-10-19T21:39:03Z;Rahn;2021-10-27T12:09:39Z
2D677221A8E4645C17002DF03754AB66;00000476;070022;000715;2021-11-04;2022-09-03;40.00;942.00;USD;Vacation to Cuba;O;Sommer;2021-10-08T20:30:06Z;Rahn;2021-10-16T15:53:54Z
2E677221A8E4645C17002DF03754AB66;00000477;070040;000617;2021-11-04;2022-09-03;20.00;530.00;USD;Business Trip;O;Illner;2021-10-06T22:09:23Z;Becker;2021-10-22T12:42:05Z
2F677221A8E4645C17002DF03754AB66;00000478;070026;000069;2021-11-04;2022-09-03;20.00;538.00;USD;Sightseeing in Havana;A;Delon;2021-10-09T20:32:29Z;Meier;2021-10-19T09:57:39Z
30677221A8E4645C17002DF03754AB66;00000479;070006;000383;2021-11-04;2021-11-04;10.00;293.00;USD;Business Trip for Benjamin;O;Montero;2021-10-12T21:02:12Z;Müller;2021-10-14T14:40:27Z
31677221A8E4645C17002DF03754AB66;00000480;070005;000037;2021-11-04;2021-11-04;20.00;585.00;USD;Vacation;O;Montero;2021-10-02T21:44:06Z;Leisert;2021-10-03T14:48:24Z
32677221A8E4645C17002DF03754AB66;00000481;070050;000627;2021-11-04;2022-09-03;20.00;569.00;USD;Vacation;O;Moyano;2021-10-06T23:31:06Z;Buchholm;2021-10-27T15:07:29Z
33677221A8E4645C17002DF03754AB66;00000482;070014;000711;2021-11-04;2022-09-03;60.00;1653.00;USD;Vacation for Allen, Felix, Lee,;O;Sessler;2021-10-07T17:32:17Z;Ryan;2021-10-12T14:19:21Z
