BookingUUID;to_Travel_TravelUUID;BookingID;BookingDate;to_Customer_CustomerID;to_Carrier_AirlineID;ConnectionID;FlightDate;FlightPrice;CurrencyCode_code;BookingStatus_code;LastChangedAt
7A757221A8E4645C17002DF03754AB66;52657221A8E4645C17002DF03754AB66;0001;2021-11-04;000099;SW;1537;2021-11-06;438.00;USD;N;2021-10-22T18:48:08Z
7B757221A8E4645C17002DF03754AB66;52657221A8E4645C17002DF03754AB66;0002;2021-11-04;000660;SW;1537;2021-11-06;438.00;USD;N;2021-10-22T18:48:08Z
7C757221A8E4645C17002DF03754AB66;53657221A8E4645C17002DF03754AB66;0001;2021-10-16;000093;SW;1537;2021-11-06;438.00;USD;N;2021-10-22T20:07:58Z
7D757221A8E4645C17002DF03754AB66;53657221A8E4645C17002DF03754AB66;0002;2021-10-16;000706;SW;1537;2021-11-06;438.00;USD;N;2021-10-22T20:07:58Z
7E757221A8E4645C17002DF03754AB66;53657221A8E4645C17002DF03754AB66;0003;2021-10-19;000093;GA;0322;2021-11-08;438.00;USD;N;2021-10-22T20:07:58Z
7F757221A8E4645C17002DF03754AB66;53657221A8E4645C17002DF03754AB66;0004;2021-10-19;000706;GA;0322;2021-11-08;438.00;USD;N;2021-10-22T20:07:58Z
80757221A8E4645C17002DF03754AB66;53657221A8E4645C17002DF03754AB66;0005;2022-08-29;000093;SW;1537;2022-09-02;438.00;USD;N;2021-10-22T20:07:58Z
81757221A8E4645C17002DF03754AB66;53657221A8E4645C17002DF03754AB66;0006;2022-08-29;000706;SW;1537;2022-09-02;438.00;USD;N;2021-10-22T20:07:58Z
82757221A8E4645C17002DF03754AB66;53657221A8E4645C17002DF03754AB66;0007;2022-08-22;000093;GA;0322;2022-09-04;438.00;USD;N;2021-10-22T20:07:58Z
83757221A8E4645C17002DF03754AB66;53657221A8E4645C17002DF03754AB66;0008;2022-08-22;000706;GA;0322;2022-09-04;438.00;USD;N;2021-10-22T20:07:58Z
84757221A8E4645C17002DF03754AB66;54657221A8E4645C17002DF03754AB66;0001;2021-10-30;000665;SW;1537;2021-11-06;438.00;USD;N;2021-10-21T02:37:18Z
85757221A8E4645C17002DF03754AB66;54657221A8E4645C17002DF03754AB66;0002;2021-11-06;000665;GA;0322;2021-11-08;438.00;USD;N;2021-10-21T02:37:18Z
86757221A8E4645C17002DF03754AB66;54657221A8E4645C17002DF03754AB66;0003;2022-08-22;000665;SW;1537;2022-09-02;438.00;USD;N;2021-10-21T02:37:18Z
87757221A8E4645C17002DF03754AB66;54657221A8E4645C17002DF03754AB66;0004;2022-08-30;000665;GA;0322;2022-09-04;438.00;USD;N;2021-10-21T02:37:18Z
88757221A8E4645C17002DF03754AB66;55657221A8E4645C17002DF03754AB66;0001;2021-11-03;000161;SW;1537;2021-11-06;438.00;USD;N;2021-11-02T21:16:11Z
89757221A8E4645C17002DF03754AB66;55657221A8E4645C17002DF03754AB66;0002;2021-11-03;000461;SW;1537;2021-11-06;438.00;USD;N;2021-11-02T21:16:11Z
8A757221A8E4645C17002DF03754AB66;56657221A8E4645C17002DF03754AB66;0001;2021-10-25;000072;SW;1537;2021-11-06;438.00;USD;N;2021-10-21T14:57:59Z
8B757221A8E4645C17002DF03754AB66;56657221A8E4645C17002DF03754AB66;0002;2021-10-25;000399;SW;1537;2021-11-06;438.00;USD;N;2021-10-21T14:57:59Z
8C757221A8E4645C17002DF03754AB66;56657221A8E4645C17002DF03754AB66;0003;2021-10-25;000203;SW;1537;2021-11-06;438.00;USD;N;2021-10-21T14:57:59Z
8D757221A8E4645C17002DF03754AB66;56657221A8E4645C17002DF03754AB66;0004;2021-10-18;000072;GA;0322;2021-11-08;438.00;USD;N;2021-10-21T14:57:59Z
8E757221A8E4645C17002DF03754AB66;56657221A8E4645C17002DF03754AB66;0005;2021-10-18;000399;GA;0322;2021-11-08;438.00;USD;N;2021-10-21T14:57:59Z
8F757221A8E4645C17002DF03754AB66;56657221A8E4645C17002DF03754AB66;0006;2021-10-18;000203;GA;0322;2021-11-08;438.00;USD;N;2021-10-21T14:57:59Z
90757221A8E4645C17002DF03754AB66;56657221A8E4645C17002DF03754AB66;0007;2022-08-13;000072;SW;1537;2022-09-02;438.00;USD;N;2021-10-21T14:57:59Z
91757221A8E4645C17002DF03754AB66;56657221A8E4645C17002DF03754AB66;0008;2022-08-13;000399;SW;1537;2022-09-02;438.00;USD;N;2021-10-21T14:57:59Z
92757221A8E4645C17002DF03754AB66;56657221A8E4645C17002DF03754AB66;0009;2022-08-13;000203;SW;1537;2022-09-02;438.00;USD;N;2021-10-21T14:57:59Z
93757221A8E4645C17002DF03754AB66;56657221A8E4645C17002DF03754AB66;0010;2022-08-15;000072;GA;0322;2022-09-04;438.00;USD;N;2021-10-21T14:57:59Z
94757221A8E4645C17002DF03754AB66;56657221A8E4645C17002DF03754AB66;0011;2022-08-15;000399;GA;0322;2022-09-04;438.00;USD;N;2021-10-21T14:57:59Z
95757221A8E4645C17002DF03754AB66;56657221A8E4645C17002DF03754AB66;0012;2022-08-15;000203;GA;0322;2022-09-04;438.00;USD;N;2021-10-21T14:57:59Z
96757221A8E4645C17002DF03754AB66;57657221A8E4645C17002DF03754AB66;0001;2021-10-16;000138;SW;1537;2021-11-06;438.00;USD;N;2021-10-31T02:09:43Z
97757221A8E4645C17002DF03754AB66;57657221A8E4645C17002DF03754AB66;0002;2021-10-16;000399;SW;1537;2021-11-06;438.00;USD;N;2021-10-31T02:09:43Z
98757221A8E4645C17002DF03754AB66;57657221A8E4645C17002DF03754AB66;0003;2021-10-16;000723;SW;1537;2021-11-06;438.00;USD;N;2021-10-31T02:09:43Z
99757221A8E4645C17002DF03754AB66;57657221A8E4645C17002DF03754AB66;0004;2021-10-18;000138;GA;0322;2021-11-08;438.00;USD;N;2021-10-31T02:09:43Z
9A757221A8E4645C17002DF03754AB66;57657221A8E4645C17002DF03754AB66;0005;2021-10-18;000399;GA;0322;2021-11-08;438.00;USD;N;2021-10-31T02:09:43Z
9B757221A8E4645C17002DF03754AB66;57657221A8E4645C17002DF03754AB66;0006;2021-10-18;000723;GA;0322;2021-11-08;438.00;USD;N;2021-10-31T02:09:43Z
9C757221A8E4645C17002DF03754AB66;57657221A8E4645C17002DF03754AB66;0007;2022-08-30;000138;SW;1537;2022-09-02;438.00;USD;N;2021-10-31T02:09:43Z
9D757221A8E4645C17002DF03754AB66;57657221A8E4645C17002DF03754AB66;0008;2022-08-30;000399;SW;1537;2022-09-02;438.00;USD;N;2021-10-31T02:09:43Z
9E757221A8E4645C17002DF03754AB66;57657221A8E4645C17002DF03754AB66;0009;2022-08-30;000723;SW;1537;2022-09-02;438.00;USD;N;2021-10-31T02:09:43Z
9F757221A8E4645C17002DF03754AB66;57657221A8E4645C17002DF03754AB66;0010;2022-08-20;000138;GA;0322;2022-09-04;438.00;USD;N;2021-10-31T02:09:43Z
A0757221A8E4645C17002DF03754AB66;57657221A8E4645C17002DF03754AB66;0011;2022-08-20;000399;GA;0322;2022-09-04;438.00;USD;N;2021-10-31T02:09:43Z
A1757221A8E4645C17002DF03754AB66;57657221A8E4645C17002DF03754AB66;0012;2022-08-20;000723;GA;0322;2022-09-04;438.00;USD;N;2021-10-31T02:09:43Z
A2757221A8E4645C17002DF03754AB66;58657221A8E4645C17002DF03754AB66;0001;2021-10-16;000698;SW;1537;2021-11-06;438.00;USD;N;2021-10-21T05:57:06Z
A3757221A8E4645C17002DF03754AB66;58657221A8E4645C17002DF03754AB66;0002;2021-10-16;000726;SW;1537;2021-11-06;438.00;USD;N;2021-10-21T05:57:06Z
A4757221A8E4645C17002DF03754AB66;58657221A8E4645C17002DF03754AB66;0003;2021-10-16;000703;SW;1537;2021-11-06;438.00;USD;N;2021-10-21T05:57:06Z
A5757221A8E4645C17002DF03754AB66;58657221A8E4645C17002DF03754AB66;0004;2021-10-18;000698;GA;0322;2021-11-08;438.00;USD;N;2021-10-21T05:57:06Z
A6757221A8E4645C17002DF03754AB66;58657221A8E4645C17002DF03754AB66;0005;2021-10-18;000726;GA;0322;2021-11-08;438.00;USD;N;2021-10-21T05:57:06Z
A7757221A8E4645C17002DF03754AB66;58657221A8E4645C17002DF03754AB66;0006;2021-10-18;000703;GA;0322;2021-11-08;438.00;USD;N;2021-10-21T05:57:06Z
A8757221A8E4645C17002DF03754AB66;59657221A8E4645C17002DF03754AB66;0001;2021-10-16;000115;SW;1537;2021-11-06;455.00;USD;N;2021-10-06T12:48:17Z
A9757221A8E4645C17002DF03754AB66;59657221A8E4645C17002DF03754AB66;0002;2021-10-16;000529;SW;1537;2021-11-06;455.00;USD;N;2021-10-06T12:48:17Z
GA757221A8E4645C17002DF03754AB66;59657221A8E4645C17002DF03754AB66;0003;2021-10-16;000707;SW;1537;2021-11-06;455.00;USD;N;2021-10-06T12:48:17Z
AB757221A8E4645C17002DF03754AB66;59657221A8E4645C17002DF03754AB66;0004;2021-11-06;000115;GA;0322;2021-11-08;438.00;USD;N;2021-10-06T12:48:17Z
AC757221A8E4645C17002DF03754AB66;59657221A8E4645C17002DF03754AB66;0005;2021-11-06;000529;GA;0322;2021-11-08;438.00;USD;N;2021-10-06T12:48:17Z
AD757221A8E4645C17002DF03754AB66;59657221A8E4645C17002DF03754AB66;0006;2021-11-06;000707;GA;0322;2021-11-08;438.00;USD;N;2021-10-06T12:48:17Z
AE757221A8E4645C17002DF03754AB66;59657221A8E4645C17002DF03754AB66;0007;2022-08-23;000115;SW;1537;2022-09-02;438.00;USD;N;2021-10-06T12:48:17Z
AF757221A8E4645C17002DF03754AB66;59657221A8E4645C17002DF03754AB66;0008;2022-08-23;000529;SW;1537;2022-09-02;438.00;USD;N;2021-10-06T12:48:17Z
B0757221A8E4645C17002DF03754AB66;59657221A8E4645C17002DF03754AB66;0009;2022-08-23;000707;SW;1537;2022-09-02;438.00;USD;N;2021-10-06T12:48:17Z
B1757221A8E4645C17002DF03754AB66;59657221A8E4645C17002DF03754AB66;0010;2022-08-19;000115;GA;0322;2022-09-04;438.00;USD;N;2021-10-06T12:48:17Z
B2757221A8E4645C17002DF03754AB66;59657221A8E4645C17002DF03754AB66;0011;2022-08-19;000529;GA;0322;2022-09-04;438.00;USD;N;2021-10-06T12:48:17Z
B3757221A8E4645C17002DF03754AB66;59657221A8E4645C17002DF03754AB66;0012;2022-08-19;000707;GA;0322;2022-09-04;438.00;USD;N;2021-10-06T12:48:17Z
B4757221A8E4645C17002DF03754AB66;5A657221A8E4645C17002DF03754AB66;0001;2021-10-20;000697;SW;1537;2021-11-06;455.00;USD;B;2021-10-15T21:25:06Z
B5757221A8E4645C17002DF03754AB66;5A657221A8E4645C17002DF03754AB66;0002;2021-11-02;000697;GA;0322;2021-11-08;455.00;USD;B;2021-10-15T21:25:06Z
B6757221A8E4645C17002DF03754AB66;5B657221A8E4645C17002DF03754AB66;0001;2021-11-04;000080;SW;1537;2021-11-06;455.00;USD;N;2021-10-12T22:47:52Z
B7757221A8E4645C17002DF03754AB66;5B657221A8E4645C17002DF03754AB66;0002;2021-11-04;000354;SW;1537;2021-11-06;455.00;USD;N;2021-10-12T22:47:52Z
B8757221A8E4645C17002DF03754AB66;5C657221A8E4645C17002DF03754AB66;0001;2021-11-06;000583;SW;1537;2021-11-06;455.00;USD;N;2021-10-22T02:39:47Z
B9757221A8E4645C17002DF03754AB66;5C657221A8E4645C17002DF03754AB66;0002;2021-11-06;000217;SW;1537;2021-11-06;455.00;USD;N;2021-10-22T02:39:47Z
BA757221A8E4645C17002DF03754AB66;5C657221A8E4645C17002DF03754AB66;0003;2021-11-06;000104;SW;1537;2021-11-06;455.00;USD;N;2021-10-22T02:39:47Z
BB757221A8E4645C17002DF03754AB66;5C657221A8E4645C17002DF03754AB66;0004;2021-10-30;000583;GA;0322;2021-11-08;455.00;USD;N;2021-10-22T02:39:47Z
BC757221A8E4645C17002DF03754AB66;5C657221A8E4645C17002DF03754AB66;0005;2021-10-30;000217;GA;0322;2021-11-08;455.00;USD;N;2021-10-22T02:39:47Z
BD757221A8E4645C17002DF03754AB66;5C657221A8E4645C17002DF03754AB66;0006;2021-10-30;000104;GA;0322;2021-11-08;455.00;USD;N;2021-10-22T02:39:47Z
BE757221A8E4645C17002DF03754AB66;5C657221A8E4645C17002DF03754AB66;0007;2022-08-31;000583;SW;1537;2022-09-02;438.00;USD;N;2021-10-22T02:39:47Z
BF757221A8E4645C17002DF03754AB66;5C657221A8E4645C17002DF03754AB66;0008;2022-08-31;000217;SW;1537;2022-09-02;438.00;USD;N;2021-10-22T02:39:47Z
C0757221A8E4645C17002DF03754AB66;5C657221A8E4645C17002DF03754AB66;0009;2022-08-31;000104;SW;1537;2022-09-02;438.00;USD;N;2021-10-22T02:39:47Z
C1757221A8E4645C17002DF03754AB66;5D657221A8E4645C17002DF03754AB66;0001;2021-10-17;000004;SW;1537;2021-11-06;473.00;USD;B;2021-11-02T23:50:12Z
C2757221A8E4645C17002DF03754AB66;5D657221A8E4645C17002DF03754AB66;0002;2021-10-17;000308;SW;1537;2021-11-06;473.00;USD;B;2021-11-02T23:50:12Z
C3757221A8E4645C17002DF03754AB66;5D657221A8E4645C17002DF03754AB66;0003;2021-10-25;000004;GA;0322;2021-11-08;455.00;USD;B;2021-11-02T23:50:12Z
C4757221A8E4645C17002DF03754AB66;5D657221A8E4645C17002DF03754AB66;0004;2021-10-25;000308;GA;0322;2021-11-08;455.00;USD;B;2021-11-02T23:50:12Z
C5757221A8E4645C17002DF03754AB66;5E657221A8E4645C17002DF03754AB66;0001;2021-10-20;000082;SW;1537;2021-11-06;490.00;USD;N;2021-10-08T21:40:23Z
C6757221A8E4645C17002DF03754AB66;5F657221A8E4645C17002DF03754AB66;0001;2021-10-18;000466;SW;1537;2021-11-06;490.00;USD;N;2021-10-09T10:44:28Z
C7757221A8E4645C17002DF03754AB66;5F657221A8E4645C17002DF03754AB66;0002;2021-10-18;000577;SW;1537;2021-11-06;490.00;USD;N;2021-10-09T10:44:28Z
C8757221A8E4645C17002DF03754AB66;5F657221A8E4645C17002DF03754AB66;0003;2021-10-18;000466;GA;0322;2021-11-08;455.00;USD;N;2021-10-09T10:44:28Z
C9757221A8E4645C17002DF03754AB66;5F657221A8E4645C17002DF03754AB66;0004;2021-10-18;000577;GA;0322;2021-11-08;455.00;USD;N;2021-10-09T10:44:28Z
CA757221A8E4645C17002DF03754AB66;5F657221A8E4645C17002DF03754AB66;0005;2022-08-23;000466;SW;1537;2022-09-02;438.00;USD;N;2021-10-09T10:44:28Z
CB757221A8E4645C17002DF03754AB66;5F657221A8E4645C17002DF03754AB66;0006;2022-08-23;000577;SW;1537;2022-09-02;438.00;USD;N;2021-10-09T10:44:28Z
CC757221A8E4645C17002DF03754AB66;60657221A8E4645C17002DF03754AB66;0001;2021-10-23;000640;SW;1537;2021-11-06;490.00;USD;B;2021-10-15T18:39:10Z
CD757221A8E4645C17002DF03754AB66;60657221A8E4645C17002DF03754AB66;0002;2021-10-23;000699;SW;1537;2021-11-06;490.00;USD;B;2021-10-15T18:39:10Z
CE757221A8E4645C17002DF03754AB66;60657221A8E4645C17002DF03754AB66;0003;2021-10-23;000367;SW;1537;2021-11-06;490.00;USD;B;2021-10-15T18:39:10Z
CF757221A8E4645C17002DF03754AB66;60657221A8E4645C17002DF03754AB66;0004;2021-10-22;000640;GA;0322;2021-11-08;473.00;USD;B;2021-10-15T18:39:10Z
D0757221A8E4645C17002DF03754AB66;60657221A8E4645C17002DF03754AB66;0005;2021-10-22;000699;GA;0322;2021-11-08;473.00;USD;B;2021-10-15T18:39:10Z
D1757221A8E4645C17002DF03754AB66;60657221A8E4645C17002DF03754AB66;0006;2021-10-22;000367;GA;0322;2021-11-08;473.00;USD;B;2021-10-15T18:39:10Z
D2757221A8E4645C17002DF03754AB66;60657221A8E4645C17002DF03754AB66;0007;2022-09-02;000640;SW;1537;2022-09-02;455.00;USD;B;2021-10-15T18:39:10Z
D3757221A8E4645C17002DF03754AB66;60657221A8E4645C17002DF03754AB66;0008;2022-09-02;000699;SW;1537;2022-09-02;455.00;USD;B;2021-10-15T18:39:10Z
D4757221A8E4645C17002DF03754AB66;60657221A8E4645C17002DF03754AB66;0009;2022-09-02;000367;SW;1537;2022-09-02;455.00;USD;B;2021-10-15T18:39:10Z
D5757221A8E4645C17002DF03754AB66;60657221A8E4645C17002DF03754AB66;0010;2022-08-28;000640;GA;0322;2022-09-04;438.00;USD;B;2021-10-15T18:39:10Z
D6757221A8E4645C17002DF03754AB66;60657221A8E4645C17002DF03754AB66;0011;2022-08-28;000699;GA;0322;2022-09-04;438.00;USD;B;2021-10-15T18:39:10Z
D7757221A8E4645C17002DF03754AB66;60657221A8E4645C17002DF03754AB66;0012;2022-08-28;000367;GA;0322;2022-09-04;438.00;USD;B;2021-10-15T18:39:10Z
D8757221A8E4645C17002DF03754AB66;61657221A8E4645C17002DF03754AB66;0001;2021-10-19;000478;SW;1537;2021-11-06;508.00;USD;N;2021-10-29T02:42:47Z
D9757221A8E4645C17002DF03754AB66;61657221A8E4645C17002DF03754AB66;0002;2021-10-19;000581;SW;1537;2021-11-06;508.00;USD;N;2021-10-29T02:42:47Z
DA757221A8E4645C17002DF03754AB66;61657221A8E4645C17002DF03754AB66;0003;2021-10-19;000026;SW;1537;2021-11-06;508.00;USD;N;2021-10-29T02:42:47Z
DB757221A8E4645C17002DF03754AB66;61657221A8E4645C17002DF03754AB66;0004;2021-11-04;000478;GA;0322;2021-11-08;490.00;USD;N;2021-10-29T02:42:47Z
DC757221A8E4645C17002DF03754AB66;61657221A8E4645C17002DF03754AB66;0005;2021-11-04;000581;GA;0322;2021-11-08;490.00;USD;N;2021-10-29T02:42:47Z
DD757221A8E4645C17002DF03754AB66;61657221A8E4645C17002DF03754AB66;0006;2021-11-04;000026;GA;0322;2021-11-08;490.00;USD;N;2021-10-29T02:42:47Z
DE757221A8E4645C17002DF03754AB66;61657221A8E4645C17002DF03754AB66;0007;2022-08-14;000478;SW;1537;2022-09-02;455.00;USD;N;2021-10-29T02:42:47Z
DF757221A8E4645C17002DF03754AB66;61657221A8E4645C17002DF03754AB66;0008;2022-08-14;000581;SW;1537;2022-09-02;455.00;USD;N;2021-10-29T02:42:47Z
E0757221A8E4645C17002DF03754AB66;61657221A8E4645C17002DF03754AB66;0009;2022-08-14;000026;SW;1537;2022-09-02;455.00;USD;N;2021-10-29T02:42:47Z
E1757221A8E4645C17002DF03754AB66;61657221A8E4645C17002DF03754AB66;0010;2022-08-21;000478;GA;0322;2022-09-04;455.00;USD;N;2021-10-29T02:42:47Z
E2757221A8E4645C17002DF03754AB66;61657221A8E4645C17002DF03754AB66;0011;2022-08-21;000581;GA;0322;2022-09-04;455.00;USD;N;2021-10-29T02:42:47Z
E3757221A8E4645C17002DF03754AB66;61657221A8E4645C17002DF03754AB66;0012;2022-08-21;000026;GA;0322;2022-09-04;455.00;USD;N;2021-10-29T02:42:47Z
E4757221A8E4645C17002DF03754AB66;62657221A8E4645C17002DF03754AB66;0001;2021-10-22;000264;SW;1537;2021-11-06;525.00;USD;N;2021-10-25T09:16:52Z
E5757221A8E4645C17002DF03754AB66;62657221A8E4645C17002DF03754AB66;0002;2021-10-22;000619;SW;1537;2021-11-06;525.00;USD;N;2021-10-25T09:16:52Z
E6757221A8E4645C17002DF03754AB66;62657221A8E4645C17002DF03754AB66;0003;2021-10-30;000264;GA;0322;2021-11-08;490.00;USD;N;2021-10-25T09:16:52Z
E7757221A8E4645C17002DF03754AB66;62657221A8E4645C17002DF03754AB66;0004;2021-10-30;000619;GA;0322;2021-11-08;490.00;USD;N;2021-10-25T09:16:52Z
E8757221A8E4645C17002DF03754AB66;62657221A8E4645C17002DF03754AB66;0005;2022-08-18;000264;SW;1537;2022-09-02;455.00;USD;N;2021-10-25T09:16:52Z
E9757221A8E4645C17002DF03754AB66;62657221A8E4645C17002DF03754AB66;0006;2022-08-18;000619;SW;1537;2022-09-02;455.00;USD;N;2021-10-25T09:16:52Z
EA757221A8E4645C17002DF03754AB66;62657221A8E4645C17002DF03754AB66;0007;2022-08-20;000264;GA;0322;2022-09-04;455.00;USD;N;2021-10-25T09:16:52Z
EB757221A8E4645C17002DF03754AB66;62657221A8E4645C17002DF03754AB66;0008;2022-08-20;000619;GA;0322;2022-09-04;455.00;USD;N;2021-10-25T09:16:52Z
EC757221A8E4645C17002DF03754AB66;63657221A8E4645C17002DF03754AB66;0001;2021-10-21;000155;SW;1537;2021-11-06;525.00;USD;N;2021-10-28T20:05:59Z
ED757221A8E4645C17002DF03754AB66;63657221A8E4645C17002DF03754AB66;0002;2021-10-29;000155;GA;0322;2021-11-08;508.00;USD;N;2021-10-28T20:05:59Z
EE757221A8E4645C17002DF03754AB66;63657221A8E4645C17002DF03754AB66;0003;2022-08-25;000155;SW;1537;2022-09-02;473.00;USD;N;2021-10-28T20:05:59Z
EF757221A8E4645C17002DF03754AB66;63657221A8E4645C17002DF03754AB66;0004;2022-08-27;000155;GA;0322;2022-09-04;455.00;USD;N;2021-10-28T20:05:59Z
F0757221A8E4645C17002DF03754AB66;64657221A8E4645C17002DF03754AB66;0001;2021-10-23;000680;SW;1537;2021-11-06;525.00;USD;N;2021-10-27T18:41:07Z
F1757221A8E4645C17002DF03754AB66;64657221A8E4645C17002DF03754AB66;0002;2021-10-23;000497;SW;1537;2021-11-06;525.00;USD;N;2021-10-27T18:41:07Z
F2757221A8E4645C17002DF03754AB66;64657221A8E4645C17002DF03754AB66;0003;2021-10-23;000495;SW;1537;2021-11-06;525.00;USD;N;2021-10-27T18:41:07Z
F3757221A8E4645C17002DF03754AB66;64657221A8E4645C17002DF03754AB66;0004;2021-11-05;000680;GA;0322;2021-11-08;508.00;USD;N;2021-10-27T18:41:07Z
F4757221A8E4645C17002DF03754AB66;64657221A8E4645C17002DF03754AB66;0005;2021-11-05;000497;GA;0322;2021-11-08;508.00;USD;N;2021-10-27T18:41:07Z
F5757221A8E4645C17002DF03754AB66;64657221A8E4645C17002DF03754AB66;0006;2021-11-05;000495;GA;0322;2021-11-08;508.00;USD;N;2021-10-27T18:41:07Z
F6757221A8E4645C17002DF03754AB66;64657221A8E4645C17002DF03754AB66;0007;2022-08-30;000680;SW;1537;2022-09-02;473.00;USD;N;2021-10-27T18:41:07Z
F7757221A8E4645C17002DF03754AB66;64657221A8E4645C17002DF03754AB66;0008;2022-08-30;000497;SW;1537;2022-09-02;473.00;USD;N;2021-10-27T18:41:07Z
F8757221A8E4645C17002DF03754AB66;64657221A8E4645C17002DF03754AB66;0009;2022-08-30;000495;SW;1537;2022-09-02;473.00;USD;N;2021-10-27T18:41:07Z
F9757221A8E4645C17002DF03754AB66;64657221A8E4645C17002DF03754AB66;0010;2022-08-29;000680;GA;0322;2022-09-04;455.00;USD;N;2021-10-27T18:41:07Z
FA757221A8E4645C17002DF03754AB66;64657221A8E4645C17002DF03754AB66;0011;2022-08-29;000497;GA;0322;2022-09-04;455.00;USD;N;2021-10-27T18:41:07Z
FB757221A8E4645C17002DF03754AB66;64657221A8E4645C17002DF03754AB66;0012;2022-08-29;000495;GA;0322;2022-09-04;455.00;USD;N;2021-10-27T18:41:07Z
FC757221A8E4645C17002DF03754AB66;65657221A8E4645C17002DF03754AB66;0001;2021-10-22;000291;SW;1537;2021-11-06;543.00;USD;N;2021-10-29T22:57:29Z
FD757221A8E4645C17002DF03754AB66;66657221A8E4645C17002DF03754AB66;0001;2021-10-20;000540;SW;1537;2021-11-06;560.00;USD;N;2021-10-11T14:26:07Z
FE757221A8E4645C17002DF03754AB66;66657221A8E4645C17002DF03754AB66;0002;2021-11-08;000540;GA;0322;2021-11-08;525.00;USD;N;2021-10-11T14:26:07Z
FF757221A8E4645C17002DF03754AB66;66657221A8E4645C17002DF03754AB66;0003;2022-08-27;000540;SW;1537;2022-09-02;490.00;USD;N;2021-10-11T14:26:07Z
00767221A8E4645C17002DF03754AB66;66657221A8E4645C17002DF03754AB66;0004;2022-08-30;000540;GA;0322;2022-09-04;473.00;USD;N;2021-10-11T14:26:07Z
01767221A8E4645C17002DF03754AB66;67657221A8E4645C17002DF03754AB66;0001;2021-10-18;000542;SW;1537;2021-11-06;560.00;USD;B;2021-10-20T23:45:03Z
02767221A8E4645C17002DF03754AB66;67657221A8E4645C17002DF03754AB66;0002;2021-11-08;000542;GA;0322;2021-11-08;525.00;USD;B;2021-10-20T23:45:03Z
03767221A8E4645C17002DF03754AB66;67657221A8E4645C17002DF03754AB66;0003;2022-08-30;000542;SW;1537;2022-09-02;490.00;USD;B;2021-10-20T23:45:03Z
04767221A8E4645C17002DF03754AB66;67657221A8E4645C17002DF03754AB66;0004;2022-09-02;000542;GA;0322;2022-09-04;490.00;USD;B;2021-10-20T23:45:03Z
05767221A8E4645C17002DF03754AB66;68657221A8E4645C17002DF03754AB66;0001;2021-10-16;000346;SW;1537;2021-11-06;560.00;USD;N;2021-10-24T19:11:24Z
06767221A8E4645C17002DF03754AB66;68657221A8E4645C17002DF03754AB66;0002;2021-10-16;000286;SW;1537;2021-11-06;560.00;USD;N;2021-10-24T19:11:24Z
07767221A8E4645C17002DF03754AB66;68657221A8E4645C17002DF03754AB66;0003;2021-10-16;000308;SW;1537;2021-11-06;560.00;USD;N;2021-10-24T19:11:24Z
08767221A8E4645C17002DF03754AB66;68657221A8E4645C17002DF03754AB66;0004;2021-10-21;000346;GA;0322;2021-11-08;543.00;USD;N;2021-10-24T19:11:24Z
09767221A8E4645C17002DF03754AB66;68657221A8E4645C17002DF03754AB66;0005;2021-10-21;000286;GA;0322;2021-11-08;543.00;USD;N;2021-10-24T19:11:24Z
0A767221A8E4645C17002DF03754AB66;68657221A8E4645C17002DF03754AB66;0006;2021-10-21;000308;GA;0322;2021-11-08;543.00;USD;N;2021-10-24T19:11:24Z
0B767221A8E4645C17002DF03754AB66;68657221A8E4645C17002DF03754AB66;0007;2022-08-16;000346;SW;1537;2022-09-02;490.00;USD;N;2021-10-24T19:11:24Z
0C767221A8E4645C17002DF03754AB66;68657221A8E4645C17002DF03754AB66;0008;2022-08-16;000286;SW;1537;2022-09-02;490.00;USD;N;2021-10-24T19:11:24Z
0D767221A8E4645C17002DF03754AB66;68657221A8E4645C17002DF03754AB66;0009;2022-08-16;000308;SW;1537;2022-09-02;490.00;USD;N;2021-10-24T19:11:24Z
0E767221A8E4645C17002DF03754AB66;68657221A8E4645C17002DF03754AB66;0010;2022-08-21;000346;GA;0322;2022-09-04;490.00;USD;N;2021-10-24T19:11:24Z
0F767221A8E4645C17002DF03754AB66;68657221A8E4645C17002DF03754AB66;0011;2022-08-21;000286;GA;0322;2022-09-04;490.00;USD;N;2021-10-24T19:11:24Z
10767221A8E4645C17002DF03754AB66;68657221A8E4645C17002DF03754AB66;0012;2022-08-21;000308;GA;0322;2022-09-04;490.00;USD;N;2021-10-24T19:11:24Z
11767221A8E4645C17002DF03754AB66;69657221A8E4645C17002DF03754AB66;0001;2021-11-04;000478;SW;1537;2021-11-06;595.00;USD;N;2021-10-22T21:26:29Z
12767221A8E4645C17002DF03754AB66;69657221A8E4645C17002DF03754AB66;0002;2021-11-02;000478;GA;0322;2021-11-08;560.00;USD;N;2021-10-22T21:26:29Z
13767221A8E4645C17002DF03754AB66;69657221A8E4645C17002DF03754AB66;0003;2022-08-17;000478;SW;1537;2022-09-02;490.00;USD;N;2021-10-22T21:26:29Z
14767221A8E4645C17002DF03754AB66;69657221A8E4645C17002DF03754AB66;0004;2022-08-16;000478;GA;0322;2022-09-04;490.00;USD;N;2021-10-22T21:26:29Z
15767221A8E4645C17002DF03754AB66;6A657221A8E4645C17002DF03754AB66;0001;2021-10-26;000127;SW;1537;2021-11-06;595.00;USD;N;2021-11-09T16:42:55Z
16767221A8E4645C17002DF03754AB66;6A657221A8E4645C17002DF03754AB66;0002;2021-10-26;000125;SW;1537;2021-11-06;595.00;USD;N;2021-11-09T16:42:55Z
17767221A8E4645C17002DF03754AB66;6B657221A8E4645C17002DF03754AB66;0001;2021-11-06;000515;SW;1537;2021-11-06;613.00;USD;N;2021-10-14T17:16:42Z
18767221A8E4645C17002DF03754AB66;6B657221A8E4645C17002DF03754AB66;0002;2021-11-06;000581;SW;1537;2021-11-06;613.00;USD;N;2021-10-14T17:16:42Z
19767221A8E4645C17002DF03754AB66;6B657221A8E4645C17002DF03754AB66;0003;2021-10-25;000515;GA;0322;2021-11-08;560.00;USD;N;2021-10-14T17:16:42Z
1A767221A8E4645C17002DF03754AB66;6B657221A8E4645C17002DF03754AB66;0004;2021-10-25;000581;GA;0322;2021-11-08;560.00;USD;N;2021-10-14T17:16:42Z
1B767221A8E4645C17002DF03754AB66;6B657221A8E4645C17002DF03754AB66;0005;2022-08-24;000515;SW;1537;2022-09-02;508.00;USD;N;2021-10-14T17:16:42Z
1C767221A8E4645C17002DF03754AB66;6B657221A8E4645C17002DF03754AB66;0006;2022-08-24;000581;SW;1537;2022-09-02;508.00;USD;N;2021-10-14T17:16:42Z
1D767221A8E4645C17002DF03754AB66;6C657221A8E4645C17002DF03754AB66;0001;2021-11-04;000024;SW;1537;2021-11-06;613.00;USD;N;2021-11-01T17:39:42Z
1E767221A8E4645C17002DF03754AB66;6C657221A8E4645C17002DF03754AB66;0002;2021-11-04;000231;SW;1537;2021-11-06;613.00;USD;N;2021-11-01T17:39:42Z
1F767221A8E4645C17002DF03754AB66;6C657221A8E4645C17002DF03754AB66;0003;2021-10-30;000024;GA;0322;2021-11-08;578.00;USD;N;2021-11-01T17:39:42Z
20767221A8E4645C17002DF03754AB66;6C657221A8E4645C17002DF03754AB66;0004;2021-10-30;000231;GA;0322;2021-11-08;578.00;USD;N;2021-11-01T17:39:42Z
21767221A8E4645C17002DF03754AB66;6C657221A8E4645C17002DF03754AB66;0005;2022-08-29;000024;SW;1537;2022-09-02;508.00;USD;N;2021-11-01T17:39:42Z
22767221A8E4645C17002DF03754AB66;6C657221A8E4645C17002DF03754AB66;0006;2022-08-29;000231;SW;1537;2022-09-02;508.00;USD;N;2021-11-01T17:39:42Z
23767221A8E4645C17002DF03754AB66;6C657221A8E4645C17002DF03754AB66;0007;2022-08-19;000024;GA;0322;2022-09-04;490.00;USD;N;2021-11-01T17:39:42Z
24767221A8E4645C17002DF03754AB66;6C657221A8E4645C17002DF03754AB66;0008;2022-08-19;000231;GA;0322;2022-09-04;490.00;USD;N;2021-11-01T17:39:42Z
25767221A8E4645C17002DF03754AB66;6D657221A8E4645C17002DF03754AB66;0001;2021-11-05;000202;SW;1537;2021-11-06;648.00;USD;N;2021-11-05T09:07:27Z
26767221A8E4645C17002DF03754AB66;6D657221A8E4645C17002DF03754AB66;0002;2021-10-22;000202;GA;0322;2021-11-08;595.00;USD;N;2021-11-05T09:07:27Z
27767221A8E4645C17002DF03754AB66;6D657221A8E4645C17002DF03754AB66;0003;2022-09-02;000202;SW;1537;2022-09-02;525.00;USD;N;2021-11-05T09:07:27Z
28767221A8E4645C17002DF03754AB66;6D657221A8E4645C17002DF03754AB66;0004;2022-09-01;000202;GA;0322;2022-09-04;508.00;USD;N;2021-11-05T09:07:27Z
29767221A8E4645C17002DF03754AB66;6E657221A8E4645C17002DF03754AB66;0001;2021-10-28;000636;SW;1537;2021-11-06;648.00;USD;N;2021-11-06T15:57:34Z
2A767221A8E4645C17002DF03754AB66;6E657221A8E4645C17002DF03754AB66;0002;2021-10-28;000636;GA;0322;2021-11-08;595.00;USD;N;2021-11-06T15:57:34Z
2B767221A8E4645C17002DF03754AB66;6F657221A8E4645C17002DF03754AB66;0001;2021-10-27;000034;SW;1537;2021-11-06;648.00;USD;N;2021-10-20T03:35:48Z
2C767221A8E4645C17002DF03754AB66;6F657221A8E4645C17002DF03754AB66;0002;2021-10-27;000109;SW;1537;2021-11-06;648.00;USD;N;2021-10-20T03:35:48Z
2D767221A8E4645C17002DF03754AB66;70657221A8E4645C17002DF03754AB66;0001;2021-10-27;000724;SW;1537;2021-11-06;665.00;USD;N;2021-10-15T15:45:49Z
2E767221A8E4645C17002DF03754AB66;70657221A8E4645C17002DF03754AB66;0002;2021-10-27;000600;SW;1537;2021-11-06;665.00;USD;N;2021-10-15T15:45:49Z
2F767221A8E4645C17002DF03754AB66;71657221A8E4645C17002DF03754AB66;0001;2021-10-26;000506;SW;1537;2021-11-06;683.00;USD;N;2021-10-12T23:30:56Z
30767221A8E4645C17002DF03754AB66;71657221A8E4645C17002DF03754AB66;0002;2021-10-26;000092;SW;1537;2021-11-06;683.00;USD;N;2021-10-12T23:30:56Z
31767221A8E4645C17002DF03754AB66;71657221A8E4645C17002DF03754AB66;0003;2021-10-26;000231;SW;1537;2021-11-06;683.00;USD;N;2021-10-12T23:30:56Z
32767221A8E4645C17002DF03754AB66;71657221A8E4645C17002DF03754AB66;0004;2021-10-25;000506;GA;0322;2021-11-08;595.00;USD;N;2021-10-12T23:30:56Z
33767221A8E4645C17002DF03754AB66;71657221A8E4645C17002DF03754AB66;0005;2021-10-25;000092;GA;0322;2021-11-08;595.00;USD;N;2021-10-12T23:30:56Z
34767221A8E4645C17002DF03754AB66;71657221A8E4645C17002DF03754AB66;0006;2021-10-25;000231;GA;0322;2021-11-08;595.00;USD;N;2021-10-12T23:30:56Z
35767221A8E4645C17002DF03754AB66;71657221A8E4645C17002DF03754AB66;0007;2022-08-17;000506;SW;1537;2022-09-02;525.00;USD;N;2021-10-12T23:30:56Z
36767221A8E4645C17002DF03754AB66;71657221A8E4645C17002DF03754AB66;0008;2022-08-17;000092;SW;1537;2022-09-02;525.00;USD;N;2021-10-12T23:30:56Z
37767221A8E4645C17002DF03754AB66;71657221A8E4645C17002DF03754AB66;0009;2022-08-17;000231;SW;1537;2022-09-02;525.00;USD;N;2021-10-12T23:30:56Z
38767221A8E4645C17002DF03754AB66;72657221A8E4645C17002DF03754AB66;0001;2021-10-22;000557;SW;1537;2021-11-06;700.00;USD;N;2021-10-20T05:53:25Z
39767221A8E4645C17002DF03754AB66;72657221A8E4645C17002DF03754AB66;0002;2021-10-22;000692;SW;1537;2021-11-06;700.00;USD;N;2021-10-20T05:53:25Z
3A767221A8E4645C17002DF03754AB66;73657221A8E4645C17002DF03754AB66;0001;2021-10-17;000026;SW;1537;2021-11-06;718.00;USD;N;2021-10-10T00:32:09Z
3B767221A8E4645C17002DF03754AB66;73657221A8E4645C17002DF03754AB66;0002;2021-10-17;000484;SW;1537;2021-11-06;718.00;USD;N;2021-10-10T00:32:09Z
3C767221A8E4645C17002DF03754AB66;73657221A8E4645C17002DF03754AB66;0003;2021-10-23;000026;GA;0322;2021-11-08;630.00;USD;N;2021-10-10T00:32:09Z
3D767221A8E4645C17002DF03754AB66;73657221A8E4645C17002DF03754AB66;0004;2021-10-23;000484;GA;0322;2021-11-08;630.00;USD;N;2021-10-10T00:32:09Z
3E767221A8E4645C17002DF03754AB66;73657221A8E4645C17002DF03754AB66;0005;2022-08-17;000026;SW;1537;2022-09-02;543.00;USD;N;2021-10-10T00:32:09Z
3F767221A8E4645C17002DF03754AB66;73657221A8E4645C17002DF03754AB66;0006;2022-08-17;000484;SW;1537;2022-09-02;543.00;USD;N;2021-10-10T00:32:09Z
40767221A8E4645C17002DF03754AB66;73657221A8E4645C17002DF03754AB66;0007;2022-08-30;000026;GA;0322;2022-09-04;525.00;USD;N;2021-10-10T00:32:09Z
41767221A8E4645C17002DF03754AB66;73657221A8E4645C17002DF03754AB66;0008;2022-08-30;000484;GA;0322;2022-09-04;525.00;USD;N;2021-10-10T00:32:09Z
42767221A8E4645C17002DF03754AB66;74657221A8E4645C17002DF03754AB66;0001;2021-10-22;000320;SW;1537;2021-11-06;753.00;USD;N;2021-10-22T01:08:13Z
43767221A8E4645C17002DF03754AB66;74657221A8E4645C17002DF03754AB66;0002;2021-10-22;000092;SW;1537;2021-11-06;753.00;USD;N;2021-10-22T01:08:13Z
44767221A8E4645C17002DF03754AB66;74657221A8E4645C17002DF03754AB66;0003;2021-10-24;000320;GA;0322;2021-11-08;648.00;USD;N;2021-10-22T01:08:13Z
45767221A8E4645C17002DF03754AB66;74657221A8E4645C17002DF03754AB66;0004;2021-10-24;000092;GA;0322;2021-11-08;648.00;USD;N;2021-10-22T01:08:13Z
46767221A8E4645C17002DF03754AB66;74657221A8E4645C17002DF03754AB66;0005;2022-09-02;000320;SW;1537;2022-09-02;543.00;USD;N;2021-10-22T01:08:13Z
47767221A8E4645C17002DF03754AB66;74657221A8E4645C17002DF03754AB66;0006;2022-09-02;000092;SW;1537;2022-09-02;543.00;USD;N;2021-10-22T01:08:13Z
48767221A8E4645C17002DF03754AB66;74657221A8E4645C17002DF03754AB66;0007;2022-08-22;000320;GA;0322;2022-09-04;525.00;USD;N;2021-10-22T01:08:13Z
49767221A8E4645C17002DF03754AB66;74657221A8E4645C17002DF03754AB66;0008;2022-08-22;000092;GA;0322;2022-09-04;525.00;USD;N;2021-10-22T01:08:13Z
4A767221A8E4645C17002DF03754AB66;75657221A8E4645C17002DF03754AB66;0001;2021-10-22;000154;SW;1537;2021-11-06;753.00;USD;B;2021-10-21T18:50:59Z
4B767221A8E4645C17002DF03754AB66;75657221A8E4645C17002DF03754AB66;0002;2021-11-05;000154;GA;0322;2021-11-08;665.00;USD;B;2021-10-21T18:50:59Z
4C767221A8E4645C17002DF03754AB66;75657221A8E4645C17002DF03754AB66;0003;2022-08-20;000154;SW;1537;2022-09-02;560.00;USD;B;2021-10-21T18:50:59Z
4D767221A8E4645C17002DF03754AB66;75657221A8E4645C17002DF03754AB66;0004;2022-09-02;000154;GA;0322;2022-09-04;543.00;USD;B;2021-10-21T18:50:59Z
4E767221A8E4645C17002DF03754AB66;76657221A8E4645C17002DF03754AB66;0001;2021-10-27;000558;SW;1537;2021-11-06;770.00;USD;N;2021-10-24T15:48:17Z
4F767221A8E4645C17002DF03754AB66;76657221A8E4645C17002DF03754AB66;0002;2021-10-27;000038;SW;1537;2021-11-06;770.00;USD;N;2021-10-24T15:48:17Z
50767221A8E4645C17002DF03754AB66;76657221A8E4645C17002DF03754AB66;0003;2021-10-27;000579;SW;1537;2021-11-06;770.00;USD;N;2021-10-24T15:48:17Z
51767221A8E4645C17002DF03754AB66;76657221A8E4645C17002DF03754AB66;0004;2021-10-28;000558;GA;0322;2021-11-08;665.00;USD;N;2021-10-24T15:48:17Z
52767221A8E4645C17002DF03754AB66;76657221A8E4645C17002DF03754AB66;0005;2021-10-28;000038;GA;0322;2021-11-08;665.00;USD;N;2021-10-24T15:48:17Z
53767221A8E4645C17002DF03754AB66;76657221A8E4645C17002DF03754AB66;0006;2021-10-28;000579;GA;0322;2021-11-08;665.00;USD;N;2021-10-24T15:48:17Z
54767221A8E4645C17002DF03754AB66;76657221A8E4645C17002DF03754AB66;0007;2022-08-17;000558;SW;1537;2022-09-02;560.00;USD;N;2021-10-24T15:48:17Z
55767221A8E4645C17002DF03754AB66;76657221A8E4645C17002DF03754AB66;0008;2022-08-17;000038;SW;1537;2022-09-02;560.00;USD;N;2021-10-24T15:48:17Z
56767221A8E4645C17002DF03754AB66;76657221A8E4645C17002DF03754AB66;0009;2022-08-17;000579;SW;1537;2022-09-02;560.00;USD;N;2021-10-24T15:48:17Z
57767221A8E4645C17002DF03754AB66;76657221A8E4645C17002DF03754AB66;0010;2022-08-15;000558;GA;0322;2022-09-04;543.00;USD;N;2021-10-24T15:48:17Z
58767221A8E4645C17002DF03754AB66;76657221A8E4645C17002DF03754AB66;0011;2022-08-15;000038;GA;0322;2022-09-04;543.00;USD;N;2021-10-24T15:48:17Z
59767221A8E4645C17002DF03754AB66;76657221A8E4645C17002DF03754AB66;0012;2022-08-15;000579;GA;0322;2022-09-04;543.00;USD;N;2021-10-24T15:48:17Z
5A767221A8E4645C17002DF03754AB66;77657221A8E4645C17002DF03754AB66;0001;2022-08-21;000027;SW;1537;2022-09-02;578.00;USD;N;2021-10-31T07:55:13Z
5B767221A8E4645C17002DF03754AB66;77657221A8E4645C17002DF03754AB66;0002;2022-08-21;000137;SW;1537;2022-09-02;578.00;USD;N;2021-10-31T07:55:13Z
5C767221A8E4645C17002DF03754AB66;77657221A8E4645C17002DF03754AB66;0003;2022-08-21;000298;SW;1537;2022-09-02;578.00;USD;N;2021-10-31T07:55:13Z
5D767221A8E4645C17002DF03754AB66;77657221A8E4645C17002DF03754AB66;0004;2022-08-28;000027;GA;0322;2022-09-04;560.00;USD;N;2021-10-31T07:55:13Z
5E767221A8E4645C17002DF03754AB66;77657221A8E4645C17002DF03754AB66;0005;2022-08-28;000137;GA;0322;2022-09-04;560.00;USD;N;2021-10-31T07:55:13Z
5F767221A8E4645C17002DF03754AB66;77657221A8E4645C17002DF03754AB66;0006;2022-08-28;000298;GA;0322;2022-09-04;560.00;USD;N;2021-10-31T07:55:13Z
60767221A8E4645C17002DF03754AB66;78657221A8E4645C17002DF03754AB66;0001;2022-08-15;000357;SW;1537;2022-09-02;595.00;USD;N;2022-01-24T22:11:50Z
61767221A8E4645C17002DF03754AB66;78657221A8E4645C17002DF03754AB66;0002;2022-08-23;000357;GA;0322;2022-09-04;578.00;USD;N;2022-01-24T22:11:50Z
62767221A8E4645C17002DF03754AB66;79657221A8E4645C17002DF03754AB66;0001;2022-08-17;000334;SW;1537;2022-09-02;613.00;USD;B;2022-01-14T00:36:46Z
63767221A8E4645C17002DF03754AB66;79657221A8E4645C17002DF03754AB66;0002;2022-08-17;000325;SW;1537;2022-09-02;613.00;USD;B;2022-01-14T00:36:46Z
64767221A8E4645C17002DF03754AB66;79657221A8E4645C17002DF03754AB66;0003;2022-08-17;000355;SW;1537;2022-09-02;613.00;USD;B;2022-01-14T00:36:46Z
65767221A8E4645C17002DF03754AB66;79657221A8E4645C17002DF03754AB66;0004;2022-08-31;000334;GA;0322;2022-09-04;595.00;USD;B;2022-01-14T00:36:46Z
66767221A8E4645C17002DF03754AB66;79657221A8E4645C17002DF03754AB66;0005;2022-08-31;000325;GA;0322;2022-09-04;595.00;USD;B;2022-01-14T00:36:46Z
67767221A8E4645C17002DF03754AB66;79657221A8E4645C17002DF03754AB66;0006;2022-08-31;000355;GA;0322;2022-09-04;595.00;USD;B;2022-01-14T00:36:46Z
68767221A8E4645C17002DF03754AB66;7A657221A8E4645C17002DF03754AB66;0001;2022-09-02;000579;SW;1537;2022-09-02;630.00;USD;B;2022-01-17T10:21:04Z
69767221A8E4645C17002DF03754AB66;7A657221A8E4645C17002DF03754AB66;0002;2022-09-02;000517;SW;1537;2022-09-02;630.00;USD;B;2022-01-17T10:21:04Z
6A767221A8E4645C17002DF03754AB66;7A657221A8E4645C17002DF03754AB66;0003;2022-09-02;000671;SW;1537;2022-09-02;630.00;USD;B;2022-01-17T10:21:04Z
6B767221A8E4645C17002DF03754AB66;7A657221A8E4645C17002DF03754AB66;0004;2022-08-20;000579;GA;0322;2022-09-04;613.00;USD;B;2022-01-17T10:21:04Z
6C767221A8E4645C17002DF03754AB66;7A657221A8E4645C17002DF03754AB66;0005;2022-08-20;000517;GA;0322;2022-09-04;613.00;USD;B;2022-01-17T10:21:04Z
6D767221A8E4645C17002DF03754AB66;7A657221A8E4645C17002DF03754AB66;0006;2022-08-20;000671;GA;0322;2022-09-04;613.00;USD;B;2022-01-17T10:21:04Z
6E767221A8E4645C17002DF03754AB66;7B657221A8E4645C17002DF03754AB66;0001;2022-08-16;000550;SW;1537;2022-09-02;648.00;USD;N;2022-01-20T09:35:35Z
6F767221A8E4645C17002DF03754AB66;7B657221A8E4645C17002DF03754AB66;0002;2022-08-16;000588;SW;1537;2022-09-02;648.00;USD;N;2022-01-20T09:35:35Z
70767221A8E4645C17002DF03754AB66;7C657221A8E4645C17002DF03754AB66;0001;2022-08-28;000514;SW;1537;2022-09-02;665.00;USD;N;2022-01-04T18:55:41Z
71767221A8E4645C17002DF03754AB66;7C657221A8E4645C17002DF03754AB66;0002;2022-08-28;000495;SW;1537;2022-09-02;665.00;USD;N;2022-01-04T18:55:41Z
72767221A8E4645C17002DF03754AB66;7C657221A8E4645C17002DF03754AB66;0003;2022-08-18;000514;GA;0322;2022-09-04;648.00;USD;N;2022-01-04T18:55:41Z
73767221A8E4645C17002DF03754AB66;7C657221A8E4645C17002DF03754AB66;0004;2022-08-18;000495;GA;0322;2022-09-04;648.00;USD;N;2022-01-04T18:55:41Z
74767221A8E4645C17002DF03754AB66;7D657221A8E4645C17002DF03754AB66;0001;2022-08-23;000003;SW;1537;2022-09-02;683.00;USD;N;2022-01-11T19:45:23Z
75767221A8E4645C17002DF03754AB66;7D657221A8E4645C17002DF03754AB66;0002;2022-08-16;000003;GA;0322;2022-09-04;648.00;USD;N;2022-01-11T19:45:23Z
76767221A8E4645C17002DF03754AB66;7E657221A8E4645C17002DF03754AB66;0001;2022-08-19;000477;SW;1537;2022-09-02;683.00;USD;N;2022-01-21T04:22:12Z
77767221A8E4645C17002DF03754AB66;7E657221A8E4645C17002DF03754AB66;0002;2022-08-27;000477;GA;0322;2022-09-04;665.00;USD;N;2022-01-21T04:22:12Z
78767221A8E4645C17002DF03754AB66;7F657221A8E4645C17002DF03754AB66;0001;2022-08-15;000119;SW;1537;2022-09-02;700.00;USD;N;2022-01-08T11:04:24Z
79767221A8E4645C17002DF03754AB66;7F657221A8E4645C17002DF03754AB66;0002;2022-08-27;000119;GA;0322;2022-09-04;665.00;USD;N;2022-01-08T11:04:24Z
7A767221A8E4645C17002DF03754AB66;80657221A8E4645C17002DF03754AB66;0001;2022-08-13;000469;SW;1537;2022-09-02;700.00;USD;N;2022-01-23T10:31:35Z
7B767221A8E4645C17002DF03754AB66;80657221A8E4645C17002DF03754AB66;0002;2022-08-13;000087;SW;1537;2022-09-02;700.00;USD;N;2022-01-23T10:31:35Z
7C767221A8E4645C17002DF03754AB66;80657221A8E4645C17002DF03754AB66;0003;2022-08-13;000332;SW;1537;2022-09-02;700.00;USD;N;2022-01-23T10:31:35Z
7D767221A8E4645C17002DF03754AB66;80657221A8E4645C17002DF03754AB66;0004;2022-08-23;000469;GA;0322;2022-09-04;665.00;USD;N;2022-01-23T10:31:35Z
7E767221A8E4645C17002DF03754AB66;80657221A8E4645C17002DF03754AB66;0005;2022-08-23;000087;GA;0322;2022-09-04;665.00;USD;N;2022-01-23T10:31:35Z
7F767221A8E4645C17002DF03754AB66;80657221A8E4645C17002DF03754AB66;0006;2022-08-23;000332;GA;0322;2022-09-04;665.00;USD;N;2022-01-23T10:31:35Z
80767221A8E4645C17002DF03754AB66;81657221A8E4645C17002DF03754AB66;0001;2022-08-22;000564;SW;1537;2022-09-02;735.00;USD;B;2022-01-18T15:56:57Z
81767221A8E4645C17002DF03754AB66;81657221A8E4645C17002DF03754AB66;0002;2022-08-22;000699;SW;1537;2022-09-02;735.00;USD;B;2022-01-18T15:56:57Z
82767221A8E4645C17002DF03754AB66;81657221A8E4645C17002DF03754AB66;0003;2022-09-01;000564;GA;0322;2022-09-04;700.00;USD;B;2022-01-18T15:56:57Z
83767221A8E4645C17002DF03754AB66;81657221A8E4645C17002DF03754AB66;0004;2022-09-01;000699;GA;0322;2022-09-04;700.00;USD;B;2022-01-18T15:56:57Z
84767221A8E4645C17002DF03754AB66;82657221A8E4645C17002DF03754AB66;0001;2022-08-31;000248;SW;1537;2022-09-02;753.00;USD;B;2022-01-18T17:34:23Z
85767221A8E4645C17002DF03754AB66;82657221A8E4645C17002DF03754AB66;0002;2022-08-20;000248;GA;0322;2022-09-04;718.00;USD;B;2022-01-18T17:34:23Z
86767221A8E4645C17002DF03754AB66;83657221A8E4645C17002DF03754AB66;0001;2022-08-30;000639;SW;1537;2022-09-02;753.00;USD;N;2022-01-12T18:00:43Z
87767221A8E4645C17002DF03754AB66;83657221A8E4645C17002DF03754AB66;0002;2022-08-31;000639;GA;0322;2022-09-04;735.00;USD;N;2022-01-12T18:00:43Z
88767221A8E4645C17002DF03754AB66;84657221A8E4645C17002DF03754AB66;0001;2022-08-28;000427;SW;1537;2022-09-02;753.00;USD;N;2022-01-19T06:09:55Z
89767221A8E4645C17002DF03754AB66;84657221A8E4645C17002DF03754AB66;0002;2022-08-28;000589;SW;1537;2022-09-02;753.00;USD;N;2022-01-19T06:09:55Z
8A767221A8E4645C17002DF03754AB66;84657221A8E4645C17002DF03754AB66;0003;2022-08-18;000427;GA;0322;2022-09-04;753.00;USD;N;2022-01-19T06:09:55Z
8B767221A8E4645C17002DF03754AB66;84657221A8E4645C17002DF03754AB66;0004;2022-08-18;000589;GA;0322;2022-09-04;753.00;USD;N;2022-01-19T06:09:55Z
8C767221A8E4645C17002DF03754AB66;85657221A8E4645C17002DF03754AB66;0001;2022-08-16;000163;SW;1537;2022-09-02;788.00;USD;B;2022-01-19T16:18:51Z
8D767221A8E4645C17002DF03754AB66;85657221A8E4645C17002DF03754AB66;0002;2022-08-15;000163;GA;0322;2022-09-04;753.00;USD;B;2022-01-19T16:18:51Z
8E767221A8E4645C17002DF03754AB66;86657221A8E4645C17002DF03754AB66;0001;2022-08-28;000013;SW;1537;2022-09-02;788.00;USD;B;2022-01-19T15:09:07Z
8F767221A8E4645C17002DF03754AB66;86657221A8E4645C17002DF03754AB66;0002;2022-08-28;000547;SW;1537;2022-09-02;788.00;USD;B;2022-01-19T15:09:07Z
90767221A8E4645C17002DF03754AB66;86657221A8E4645C17002DF03754AB66;0003;2022-08-28;000598;SW;1537;2022-09-02;788.00;USD;B;2022-01-19T15:09:07Z
91767221A8E4645C17002DF03754AB66;86657221A8E4645C17002DF03754AB66;0004;2022-08-29;000013;GA;0322;2022-09-04;770.00;USD;B;2022-01-19T15:09:07Z
92767221A8E4645C17002DF03754AB66;86657221A8E4645C17002DF03754AB66;0005;2022-08-29;000547;GA;0322;2022-09-04;770.00;USD;B;2022-01-19T15:09:07Z
93767221A8E4645C17002DF03754AB66;86657221A8E4645C17002DF03754AB66;0006;2022-08-29;000598;GA;0322;2022-09-04;770.00;USD;B;2022-01-19T15:09:07Z
94767221A8E4645C17002DF03754AB66;87657221A8E4645C17002DF03754AB66;0001;2022-08-16;000186;SW;1537;2022-09-02;805.00;USD;N;2022-01-13T03:15:20Z
95767221A8E4645C17002DF03754AB66;87657221A8E4645C17002DF03754AB66;0002;2022-08-16;000598;SW;1537;2022-09-02;805.00;USD;N;2022-01-13T03:15:20Z
96767221A8E4645C17002DF03754AB66;87657221A8E4645C17002DF03754AB66;0003;2022-08-29;000186;GA;0322;2022-09-04;805.00;USD;N;2022-01-13T03:15:20Z
97767221A8E4645C17002DF03754AB66;87657221A8E4645C17002DF03754AB66;0004;2022-08-29;000598;GA;0322;2022-09-04;805.00;USD;N;2022-01-13T03:15:20Z
98767221A8E4645C17002DF03754AB66;88657221A8E4645C17002DF03754AB66;0001;2022-08-28;000369;SW;1537;2022-09-02;840.00;USD;N;2022-01-12T02:41:42Z
99767221A8E4645C17002DF03754AB66;88657221A8E4645C17002DF03754AB66;0002;2022-08-28;000685;SW;1537;2022-09-02;840.00;USD;N;2022-01-12T02:41:42Z
9A767221A8E4645C17002DF03754AB66;88657221A8E4645C17002DF03754AB66;0003;2022-09-04;000369;GA;0322;2022-09-04;823.00;USD;N;2022-01-12T02:41:42Z
9B767221A8E4645C17002DF03754AB66;88657221A8E4645C17002DF03754AB66;0004;2022-09-04;000685;GA;0322;2022-09-04;823.00;USD;N;2022-01-12T02:41:42Z
9C767221A8E4645C17002DF03754AB66;89657221A8E4645C17002DF03754AB66;0001;2022-08-16;000509;GA;0322;2022-09-04;840.00;USD;N;2022-01-12T11:27:43Z
9D767221A8E4645C17002DF03754AB66;89657221A8E4645C17002DF03754AB66;0002;2022-08-16;000301;GA;0322;2022-09-04;840.00;USD;N;2022-01-12T11:27:43Z
9E767221A8E4645C17002DF03754AB66;89657221A8E4645C17002DF03754AB66;0003;2022-08-16;000649;GA;0322;2022-09-04;840.00;USD;N;2022-01-12T11:27:43Z
9F767221A8E4645C17002DF03754AB66;8A657221A8E4645C17002DF03754AB66;0001;2022-08-29;000699;SW;1537;2022-09-02;858.00;USD;B;2022-01-17T23:13:30Z
A0767221A8E4645C17002DF03754AB66;8B657221A8E4645C17002DF03754AB66;0001;2022-08-28;000399;GA;0322;2022-09-04;893.00;USD;N;2022-01-07T08:09:30Z
A1767221A8E4645C17002DF03754AB66;8B657221A8E4645C17002DF03754AB66;0002;2022-08-28;000116;GA;0322;2022-09-04;893.00;USD;N;2022-01-07T08:09:30Z
A2767221A8E4645C17002DF03754AB66;8C657221A8E4645C17002DF03754AB66;0001;2022-08-16;000555;GA;0322;2022-09-04;911.00;USD;N;2022-01-07T14:32:32Z
A3767221A8E4645C17002DF03754AB66;8C657221A8E4645C17002DF03754AB66;0002;2022-08-16;000109;GA;0322;2022-09-04;911.00;USD;N;2022-01-07T14:32:32Z
A4767221A8E4645C17002DF03754AB66;8D657221A8E4645C17002DF03754AB66;0001;2022-08-31;000168;GA;0322;2022-09-04;928.00;USD;N;2022-01-10T05:04:51Z
A5767221A8E4645C17002DF03754AB66;8D657221A8E4645C17002DF03754AB66;0002;2022-08-31;000188;GA;0322;2022-09-04;928.00;USD;N;2022-01-10T05:04:51Z
A6767221A8E4645C17002DF03754AB66;8E657221A8E4645C17002DF03754AB66;0001;2022-08-18;000590;GA;0322;2022-09-04;946.00;USD;B;2022-01-18T18:06:29Z
A7767221A8E4645C17002DF03754AB66;8E657221A8E4645C17002DF03754AB66;0002;2022-08-18;000613;GA;0322;2022-09-04;946.00;USD;B;2022-01-18T18:06:29Z
A8767221A8E4645C17002DF03754AB66;8F657221A8E4645C17002DF03754AB66;0001;2022-08-30;000720;GA;0322;2022-09-04;981.00;USD;N;2022-01-20T06:00:02Z
A9767221A8E4645C17002DF03754AB66;8F657221A8E4645C17002DF03754AB66;0002;2022-08-30;000186;GA;0322;2022-09-04;981.00;USD;N;2022-01-20T06:00:02Z
GA767221A8E4645C17002DF03754AB66;90657221A8E4645C17002DF03754AB66;0001;2022-08-15;000593;GA;0322;2022-09-04;998.00;USD;N;2022-01-04T12:49:21Z
AB767221A8E4645C17002DF03754AB66;90657221A8E4645C17002DF03754AB66;0002;2022-08-15;000219;GA;0322;2022-09-04;998.00;USD;N;2022-01-04T12:49:21Z
AC767221A8E4645C17002DF03754AB66;90657221A8E4645C17002DF03754AB66;0003;2022-08-15;000178;GA;0322;2022-09-04;998.00;USD;N;2022-01-04T12:49:21Z
AD767221A8E4645C17002DF03754AB66;91657221A8E4645C17002DF03754AB66;0001;2022-08-21;000010;SW;1537;2022-09-02;876.00;USD;N;2022-01-10T16:05:20Z
AE767221A8E4645C17002DF03754AB66;91657221A8E4645C17002DF03754AB66;0002;2022-08-19;000010;GA;0322;2022-09-04;1051.00;USD;N;2022-01-10T16:05:20Z
AF767221A8E4645C17002DF03754AB66;92657221A8E4645C17002DF03754AB66;0001;2022-08-26;000677;GA;0322;2022-09-04;1068.00;USD;N;2022-01-09T21:15:02Z
B0767221A8E4645C17002DF03754AB66;92657221A8E4645C17002DF03754AB66;0002;2022-08-26;000159;GA;0322;2022-09-04;1068.00;USD;N;2022-01-09T21:15:02Z
B1767221A8E4645C17002DF03754AB66;93657221A8E4645C17002DF03754AB66;0001;2021-10-18;000255;GA;0322;2021-11-08;700.00;USD;N;2022-01-22T23:25:44Z
B2767221A8E4645C17002DF03754AB66;94657221A8E4645C17002DF03754AB66;0001;2021-11-01;000144;GA;0322;2021-11-08;700.00;USD;N;2021-10-04T12:10:58Z
B3767221A8E4645C17002DF03754AB66;94657221A8E4645C17002DF03754AB66;0002;2021-11-01;000618;GA;0322;2021-11-08;700.00;USD;N;2021-10-04T12:10:58Z
B4767221A8E4645C17002DF03754AB66;95657221A8E4645C17002DF03754AB66;0001;2021-11-07;000696;GA;0322;2021-11-08;718.00;USD;N;2021-10-20T02:08:16Z
B5767221A8E4645C17002DF03754AB66;95657221A8E4645C17002DF03754AB66;0002;2021-11-07;000449;GA;0322;2021-11-08;718.00;USD;N;2021-10-20T02:08:16Z
B6767221A8E4645C17002DF03754AB66;95657221A8E4645C17002DF03754AB66;0003;2021-11-07;000568;GA;0322;2021-11-08;718.00;USD;N;2021-10-20T02:08:16Z
B7767221A8E4645C17002DF03754AB66;96657221A8E4645C17002DF03754AB66;0001;2021-10-21;000719;GA;0322;2021-11-08;753.00;USD;N;2021-10-25T02:52:04Z
B8767221A8E4645C17002DF03754AB66;96657221A8E4645C17002DF03754AB66;0002;2021-10-21;000257;GA;0322;2021-11-08;753.00;USD;N;2021-10-25T02:52:04Z
B9767221A8E4645C17002DF03754AB66;97657221A8E4645C17002DF03754AB66;0001;2021-10-22;000050;GA;0322;2021-11-08;770.00;USD;N;2021-10-27T05:32:00Z
BA767221A8E4645C17002DF03754AB66;98657221A8E4645C17002DF03754AB66;0001;2021-10-26;000605;GA;0322;2021-11-08;788.00;USD;N;2021-10-25T19:51:32Z
BB767221A8E4645C17002DF03754AB66;98657221A8E4645C17002DF03754AB66;0002;2021-10-26;000578;GA;0322;2021-11-08;788.00;USD;N;2021-10-25T19:51:32Z
BC767221A8E4645C17002DF03754AB66;99657221A8E4645C17002DF03754AB66;0001;2021-10-26;000427;GA;0322;2021-11-08;805.00;USD;N;2021-10-29T05:21:11Z
BD767221A8E4645C17002DF03754AB66;99657221A8E4645C17002DF03754AB66;0002;2021-10-26;000433;GA;0322;2021-11-08;805.00;USD;N;2021-10-29T05:21:11Z
BE767221A8E4645C17002DF03754AB66;9A657221A8E4645C17002DF03754AB66;0001;2021-10-27;000534;GA;0322;2021-11-08;823.00;USD;B;2021-10-26T18:24:22Z
BF767221A8E4645C17002DF03754AB66;9A657221A8E4645C17002DF03754AB66;0002;2021-10-27;000668;GA;0322;2021-11-08;823.00;USD;B;2021-10-26T18:24:22Z
C0767221A8E4645C17002DF03754AB66;9A657221A8E4645C17002DF03754AB66;0003;2021-10-27;000507;GA;0322;2021-11-08;823.00;USD;B;2021-10-26T18:24:22Z
C1767221A8E4645C17002DF03754AB66;9B657221A8E4645C17002DF03754AB66;0001;2021-10-23;000495;GA;0322;2021-11-08;858.00;USD;N;2021-10-15T04:14:02Z
C2767221A8E4645C17002DF03754AB66;9B657221A8E4645C17002DF03754AB66;0002;2021-10-23;000552;GA;0322;2021-11-08;858.00;USD;N;2021-10-15T04:14:02Z
C3767221A8E4645C17002DF03754AB66;9B657221A8E4645C17002DF03754AB66;0003;2021-10-23;000286;GA;0322;2021-11-08;858.00;USD;N;2021-10-15T04:14:02Z
C4767221A8E4645C17002DF03754AB66;9C657221A8E4645C17002DF03754AB66;0001;2021-10-19;000549;GA;0322;2021-11-08;911.00;USD;N;2021-10-15T21:11:30Z
C5767221A8E4645C17002DF03754AB66;9D657221A8E4645C17002DF03754AB66;0001;2021-10-24;000409;GA;0322;2021-11-08;911.00;USD;N;2021-10-21T07:25:58Z
C6767221A8E4645C17002DF03754AB66;9D657221A8E4645C17002DF03754AB66;0002;2021-10-24;000277;GA;0322;2021-11-08;911.00;USD;N;2021-10-21T07:25:58Z
C7767221A8E4645C17002DF03754AB66;9E657221A8E4645C17002DF03754AB66;0001;2021-11-02;000152;GA;0322;2021-11-08;928.00;USD;N;2021-10-29T03:54:18Z
C8767221A8E4645C17002DF03754AB66;9E657221A8E4645C17002DF03754AB66;0002;2021-11-02;000414;GA;0322;2021-11-08;928.00;USD;N;2021-10-29T03:54:18Z
C9767221A8E4645C17002DF03754AB66;9E657221A8E4645C17002DF03754AB66;0003;2021-11-02;000384;GA;0322;2021-11-08;928.00;USD;N;2021-10-29T03:54:18Z
CA767221A8E4645C17002DF03754AB66;9F657221A8E4645C17002DF03754AB66;0001;2021-10-24;000056;GA;0322;2021-11-08;963.00;USD;N;2021-10-28T05:29:14Z
CB767221A8E4645C17002DF03754AB66;9F657221A8E4645C17002DF03754AB66;0002;2021-10-24;000295;GA;0322;2021-11-08;963.00;USD;N;2021-10-28T05:29:14Z
CC767221A8E4645C17002DF03754AB66;9F657221A8E4645C17002DF03754AB66;0003;2021-10-24;000040;GA;0322;2021-11-08;963.00;USD;N;2021-10-28T05:29:14Z
CD767221A8E4645C17002DF03754AB66;A0657221A8E4645C17002DF03754AB66;0001;2021-10-23;000387;GA;0322;2021-11-08;998.00;USD;N;2021-10-10T13:20:53Z
CE767221A8E4645C17002DF03754AB66;A0657221A8E4645C17002DF03754AB66;0002;2021-10-23;000432;GA;0322;2021-11-08;998.00;USD;N;2021-10-10T13:20:53Z
CF767221A8E4645C17002DF03754AB66;A1657221A8E4645C17002DF03754AB66;0001;2021-10-30;000260;GA;0322;2021-11-08;1033.00;USD;B;2021-10-22T10:22:01Z
D0767221A8E4645C17002DF03754AB66;A2657221A8E4645C17002DF03754AB66;0001;2021-10-23;000680;GA;0322;2021-11-08;1051.00;USD;N;2021-10-25T07:46:52Z
D1767221A8E4645C17002DF03754AB66;A2657221A8E4645C17002DF03754AB66;0002;2021-10-23;000703;GA;0322;2021-11-08;1051.00;USD;N;2021-10-25T07:46:52Z
D2767221A8E4645C17002DF03754AB66;A2657221A8E4645C17002DF03754AB66;0003;2021-10-23;000095;GA;0322;2021-11-08;1051.00;USD;N;2021-10-25T07:46:52Z
D3767221A8E4645C17002DF03754AB66;A3657221A8E4645C17002DF03754AB66;0001;2021-10-27;000415;GA;0322;2021-11-08;1086.00;USD;N;2021-10-11T18:14:16Z
D4767221A8E4645C17002DF03754AB66;A3657221A8E4645C17002DF03754AB66;0002;2021-10-27;000288;GA;0322;2021-11-08;1086.00;USD;N;2021-10-11T18:14:16Z
D5767221A8E4645C17002DF03754AB66;A3657221A8E4645C17002DF03754AB66;0003;2021-10-27;000342;GA;0322;2021-11-08;1086.00;USD;N;2021-10-11T18:14:16Z
D6767221A8E4645C17002DF03754AB66;A4657221A8E4645C17002DF03754AB66;0001;2021-11-01;000282;GA;0322;2021-11-08;1121.00;USD;N;2021-10-21T13:05:13Z
D7767221A8E4645C17002DF03754AB66;A4657221A8E4645C17002DF03754AB66;0002;2021-11-01;000009;GA;0322;2021-11-08;1121.00;USD;N;2021-10-21T13:05:13Z
D8767221A8E4645C17002DF03754AB66;A4657221A8E4645C17002DF03754AB66;0003;2021-11-01;000530;GA;0322;2021-11-08;1121.00;USD;N;2021-10-21T13:05:13Z
D9767221A8E4645C17002DF03754AB66;A5657221A8E4645C17002DF03754AB66;0001;2021-11-04;000283;GA;0322;2021-11-08;1191.00;USD;N;2021-10-21T12:56:57Z
DA767221A8E4645C17002DF03754AB66;A5657221A8E4645C17002DF03754AB66;0002;2021-11-04;000119;GA;0322;2021-11-08;1191.00;USD;N;2021-10-21T12:56:57Z
DB767221A8E4645C17002DF03754AB66;A5657221A8E4645C17002DF03754AB66;0003;2021-11-04;000676;GA;0322;2021-11-08;1191.00;USD;N;2021-10-21T12:56:57Z
DC767221A8E4645C17002DF03754AB66;A6657221A8E4645C17002DF03754AB66;0001;2021-10-27;000579;GA;0322;2021-11-08;1226.00;USD;N;2021-11-05T22:34:45Z
DD767221A8E4645C17002DF03754AB66;A6657221A8E4645C17002DF03754AB66;0002;2021-10-27;000318;GA;0322;2021-11-08;1226.00;USD;N;2021-11-05T22:34:45Z
DE767221A8E4645C17002DF03754AB66;A7657221A8E4645C17002DF03754AB66;0001;2021-10-27;000629;GA;0322;2021-11-08;1278.00;USD;N;2021-10-14T05:14:33Z
DF767221A8E4645C17002DF03754AB66;A7657221A8E4645C17002DF03754AB66;0002;2021-10-27;000385;GA;0322;2021-11-08;1278.00;USD;N;2021-10-14T05:14:33Z
E0767221A8E4645C17002DF03754AB66;A7657221A8E4645C17002DF03754AB66;0003;2021-10-27;000452;GA;0322;2021-11-08;1278.00;USD;N;2021-10-14T05:14:33Z
E1767221A8E4645C17002DF03754AB66;A8657221A8E4645C17002DF03754AB66;0001;2021-11-07;000121;GA;0322;2021-11-08;1314.00;USD;N;2021-10-29T17:49:19Z
E2767221A8E4645C17002DF03754AB66;A8657221A8E4645C17002DF03754AB66;0002;2021-11-07;000088;GA;0322;2021-11-08;1314.00;USD;N;2021-10-29T17:49:19Z
E3767221A8E4645C17002DF03754AB66;A9657221A8E4645C17002DF03754AB66;0001;2021-10-30;000344;GA;0322;2021-11-08;1331.00;USD;N;2021-10-23T17:02:54Z
E5767221A8E4645C17002DF03754AB66;AB657221A8E4645C17002DF03754AB66;0001;2021-11-01;000477;GA;0322;2021-11-08;1384.00;USD;N;2021-10-31T13:38:29Z
E6767221A8E4645C17002DF03754AB66;AB657221A8E4645C17002DF03754AB66;0002;2021-11-01;000386;GA;0322;2021-11-08;1384.00;USD;N;2021-10-31T13:38:29Z
E7767221A8E4645C17002DF03754AB66;AC657221A8E4645C17002DF03754AB66;0001;2021-10-27;000502;GA;0322;2021-11-08;1401.00;USD;N;2021-10-27T00:32:43Z
E8767221A8E4645C17002DF03754AB66;AC657221A8E4645C17002DF03754AB66;0002;2021-10-27;000522;GA;0322;2021-11-08;1401.00;USD;N;2021-10-27T00:32:43Z
E9767221A8E4645C17002DF03754AB66;AD657221A8E4645C17002DF03754AB66;0001;2021-10-26;000545;GA;0322;2021-11-08;1454.00;USD;N;2021-10-22T00:44:37Z
EA767221A8E4645C17002DF03754AB66;AE657221A8E4645C17002DF03754AB66;0001;2021-10-22;000720;GA;0322;2021-11-08;1471.00;USD;N;2021-10-21T11:41:18Z
EB767221A8E4645C17002DF03754AB66;AE657221A8E4645C17002DF03754AB66;0002;2021-10-22;000328;GA;0322;2021-11-08;1471.00;USD;N;2021-10-21T11:41:18Z
EC767221A8E4645C17002DF03754AB66;AF657221A8E4645C17002DF03754AB66;0001;2021-11-01;000525;GA;0322;2021-11-08;1489.00;USD;N;2021-10-18T17:22:20Z
ED767221A8E4645C17002DF03754AB66;AF657221A8E4645C17002DF03754AB66;0002;2021-11-01;000062;GA;0322;2021-11-08;1489.00;USD;N;2021-10-18T17:22:20Z
EE767221A8E4645C17002DF03754AB66;B0657221A8E4645C17002DF03754AB66;0001;2021-10-19;000167;GA;0322;2021-11-08;1541.00;USD;B;2021-10-30T21:46:40Z
EF767221A8E4645C17002DF03754AB66;B0657221A8E4645C17002DF03754AB66;0002;2021-10-19;000369;GA;0322;2021-11-08;1541.00;USD;B;2021-10-30T21:46:40Z
F0767221A8E4645C17002DF03754AB66;B1657221A8E4645C17002DF03754AB66;0001;2021-10-12;000665;EA;0403;2021-11-02;1554.00;EUR;N;2021-10-21T02:55:27Z
F1767221A8E4645C17002DF03754AB66;B1657221A8E4645C17002DF03754AB66;0002;2021-10-12;000407;EA;0403;2021-11-02;1554.00;EUR;N;2021-10-21T02:55:27Z
F2767221A8E4645C17002DF03754AB66;B1657221A8E4645C17002DF03754AB66;0003;2021-11-01;000665;SW;0059;2021-11-03;2402.00;USD;N;2021-10-21T02:55:27Z
F3767221A8E4645C17002DF03754AB66;B1657221A8E4645C17002DF03754AB66;0004;2021-11-01;000407;SW;0059;2021-11-03;2402.00;USD;N;2021-10-21T02:55:27Z
F4767221A8E4645C17002DF03754AB66;B1657221A8E4645C17002DF03754AB66;0005;2021-11-01;000665;SW;0001;2021-11-04;3380.00;SGD;N;2021-10-21T02:55:27Z
F5767221A8E4645C17002DF03754AB66;B1657221A8E4645C17002DF03754AB66;0006;2021-11-01;000407;SW;0001;2021-11-04;3380.00;SGD;N;2021-10-21T02:55:27Z
F6767221A8E4645C17002DF03754AB66;B1657221A8E4645C17002DF03754AB66;0007;2021-10-24;000665;SW;0002;2021-11-05;3380.00;SGD;N;2021-10-21T02:55:27Z
F7767221A8E4645C17002DF03754AB66;B1657221A8E4645C17002DF03754AB66;0008;2021-10-24;000407;SW;0002;2021-11-05;3380.00;SGD;N;2021-10-21T02:55:27Z
F8767221A8E4645C17002DF03754AB66;B2657221A8E4645C17002DF03754AB66;0001;2021-10-30;000111;GA;0322;2021-11-08;1559.00;USD;B;2021-10-12T12:29:54Z
F9767221A8E4645C17002DF03754AB66;B3657221A8E4645C17002DF03754AB66;0001;2021-10-23;000367;EA;0403;2021-11-02;1554.00;EUR;N;2021-11-04T11:26:45Z
FA767221A8E4645C17002DF03754AB66;B3657221A8E4645C17002DF03754AB66;0002;2021-10-25;000367;SW;0059;2021-11-03;2402.00;USD;N;2021-11-04T11:26:45Z
FB767221A8E4645C17002DF03754AB66;B3657221A8E4645C17002DF03754AB66;0003;2021-11-04;000367;SW;0001;2021-11-04;3380.00;SGD;N;2021-11-04T11:26:45Z
FC767221A8E4645C17002DF03754AB66;B3657221A8E4645C17002DF03754AB66;0004;2021-10-20;000367;SW;0002;2021-11-05;3380.00;SGD;N;2021-11-04T11:26:45Z
FD767221A8E4645C17002DF03754AB66;B4657221A8E4645C17002DF03754AB66;0001;2021-10-25;000602;EA;0403;2021-11-02;1554.00;EUR;N;2021-10-23T23:30:23Z
FE767221A8E4645C17002DF03754AB66;B4657221A8E4645C17002DF03754AB66;0002;2021-10-25;000602;SW;0059;2021-11-03;2402.00;USD;N;2021-10-23T23:30:23Z
FF767221A8E4645C17002DF03754AB66;B4657221A8E4645C17002DF03754AB66;0003;2021-11-01;000602;SW;0001;2021-11-04;3380.00;SGD;N;2021-10-23T23:30:23Z
00777221A8E4645C17002DF03754AB66;B4657221A8E4645C17002DF03754AB66;0004;2021-10-16;000602;SW;0002;2021-11-05;3380.00;SGD;N;2021-10-23T23:30:23Z
01777221A8E4645C17002DF03754AB66;B4657221A8E4645C17002DF03754AB66;0005;2022-08-15;000602;SW;0001;2022-08-31;3380.00;SGD;N;2021-10-23T23:30:23Z
02777221A8E4645C17002DF03754AB66;B5657221A8E4645C17002DF03754AB66;0001;2021-10-23;000337;EA;0403;2021-11-02;1554.00;EUR;N;2021-10-27T07:49:21Z
03777221A8E4645C17002DF03754AB66;B5657221A8E4645C17002DF03754AB66;0002;2021-10-27;000337;SW;0059;2021-11-03;2402.00;USD;N;2021-10-27T07:49:21Z
04777221A8E4645C17002DF03754AB66;B6657221A8E4645C17002DF03754AB66;0001;2021-10-14;000392;EA;0403;2021-11-02;1554.00;EUR;N;2021-10-14T02:38:32Z
05777221A8E4645C17002DF03754AB66;B6657221A8E4645C17002DF03754AB66;0002;2021-10-14;000398;EA;0403;2021-11-02;1554.00;EUR;N;2021-10-14T02:38:32Z
06777221A8E4645C17002DF03754AB66;B6657221A8E4645C17002DF03754AB66;0003;2021-10-14;000726;EA;0403;2021-11-02;1554.00;EUR;N;2021-10-14T02:38:32Z
07777221A8E4645C17002DF03754AB66;B6657221A8E4645C17002DF03754AB66;0004;2021-10-22;000392;SW;0059;2021-11-03;2402.00;USD;N;2021-10-14T02:38:32Z
08777221A8E4645C17002DF03754AB66;B6657221A8E4645C17002DF03754AB66;0005;2021-10-22;000398;SW;0059;2021-11-03;2402.00;USD;N;2021-10-14T02:38:32Z
09777221A8E4645C17002DF03754AB66;B6657221A8E4645C17002DF03754AB66;0006;2021-10-22;000726;SW;0059;2021-11-03;2402.00;USD;N;2021-10-14T02:38:32Z
0A777221A8E4645C17002DF03754AB66;B6657221A8E4645C17002DF03754AB66;0007;2021-10-21;000392;SW;0001;2021-11-04;3380.00;SGD;N;2021-10-14T02:38:32Z
0B777221A8E4645C17002DF03754AB66;B6657221A8E4645C17002DF03754AB66;0008;2021-10-21;000398;SW;0001;2021-11-04;3380.00;SGD;N;2021-10-14T02:38:32Z
0C777221A8E4645C17002DF03754AB66;B6657221A8E4645C17002DF03754AB66;0009;2021-10-21;000726;SW;0001;2021-11-04;3380.00;SGD;N;2021-10-14T02:38:32Z
0D777221A8E4645C17002DF03754AB66;B6657221A8E4645C17002DF03754AB66;0010;2021-11-02;000392;SW;0002;2021-11-05;3380.00;SGD;N;2021-10-14T02:38:32Z
0E777221A8E4645C17002DF03754AB66;B6657221A8E4645C17002DF03754AB66;0011;2021-11-02;000398;SW;0002;2021-11-05;3380.00;SGD;N;2021-10-14T02:38:32Z
0F777221A8E4645C17002DF03754AB66;B6657221A8E4645C17002DF03754AB66;0012;2021-11-02;000726;SW;0002;2021-11-05;3380.00;SGD;N;2021-10-14T02:38:32Z
10777221A8E4645C17002DF03754AB66;B7657221A8E4645C17002DF03754AB66;0001;2021-10-30;000326;EA;0403;2021-11-02;1554.00;EUR;B;2021-10-14T18:48:11Z
11777221A8E4645C17002DF03754AB66;B7657221A8E4645C17002DF03754AB66;0002;2021-10-30;000057;EA;0403;2021-11-02;1554.00;EUR;B;2021-10-14T18:48:11Z
12777221A8E4645C17002DF03754AB66;B7657221A8E4645C17002DF03754AB66;0003;2021-10-21;000326;SW;0059;2021-11-03;2402.00;USD;B;2021-10-14T18:48:11Z
13777221A8E4645C17002DF03754AB66;B7657221A8E4645C17002DF03754AB66;0004;2021-10-21;000057;SW;0059;2021-11-03;2402.00;USD;B;2021-10-14T18:48:11Z
14777221A8E4645C17002DF03754AB66;B7657221A8E4645C17002DF03754AB66;0005;2021-10-25;000326;SW;0001;2021-11-04;3380.00;SGD;B;2021-10-14T18:48:11Z
15777221A8E4645C17002DF03754AB66;B7657221A8E4645C17002DF03754AB66;0006;2021-10-25;000057;SW;0001;2021-11-04;3380.00;SGD;B;2021-10-14T18:48:11Z
16777221A8E4645C17002DF03754AB66;B7657221A8E4645C17002DF03754AB66;0007;2021-10-30;000326;SW;0002;2021-11-05;3380.00;SGD;B;2021-10-14T18:48:11Z
17777221A8E4645C17002DF03754AB66;B7657221A8E4645C17002DF03754AB66;0008;2021-10-30;000057;SW;0002;2021-11-05;3380.00;SGD;B;2021-10-14T18:48:11Z
18777221A8E4645C17002DF03754AB66;B8657221A8E4645C17002DF03754AB66;0001;2021-10-25;000323;EA;0403;2021-11-02;1554.00;EUR;B;2021-10-30T06:21:59Z
19777221A8E4645C17002DF03754AB66;B9657221A8E4645C17002DF03754AB66;0001;2021-10-19;000078;EA;0403;2021-11-02;1554.00;EUR;N;2021-10-11T11:52:00Z
1A777221A8E4645C17002DF03754AB66;B9657221A8E4645C17002DF03754AB66;0002;2021-10-22;000078;SW;0059;2021-11-03;2402.00;USD;N;2021-10-11T11:52:00Z
1B777221A8E4645C17002DF03754AB66;B9657221A8E4645C17002DF03754AB66;0003;2021-10-20;000078;SW;0001;2021-11-04;3380.00;SGD;N;2021-10-11T11:52:00Z
1C777221A8E4645C17002DF03754AB66;B9657221A8E4645C17002DF03754AB66;0004;2021-10-20;000078;SW;0002;2021-11-05;3380.00;SGD;N;2021-10-11T11:52:00Z
1D777221A8E4645C17002DF03754AB66;BA657221A8E4645C17002DF03754AB66;0001;2021-10-17;000701;EA;0403;2021-11-02;1554.00;EUR;B;2021-10-18T02:37:46Z
1E777221A8E4645C17002DF03754AB66;BA657221A8E4645C17002DF03754AB66;0002;2021-10-17;000714;EA;0403;2021-11-02;1554.00;EUR;B;2021-10-18T02:37:46Z
1F777221A8E4645C17002DF03754AB66;BA657221A8E4645C17002DF03754AB66;0003;2021-10-13;000701;SW;0059;2021-11-03;2402.00;USD;B;2021-10-18T02:37:46Z
20777221A8E4645C17002DF03754AB66;BA657221A8E4645C17002DF03754AB66;0004;2021-10-13;000714;SW;0059;2021-11-03;2402.00;USD;B;2021-10-18T02:37:46Z
21777221A8E4645C17002DF03754AB66;BA657221A8E4645C17002DF03754AB66;0005;2021-10-25;000701;SW;0001;2021-11-04;3380.00;SGD;B;2021-10-18T02:37:46Z
22777221A8E4645C17002DF03754AB66;BA657221A8E4645C17002DF03754AB66;0006;2021-10-25;000714;SW;0001;2021-11-04;3380.00;SGD;B;2021-10-18T02:37:46Z
23777221A8E4645C17002DF03754AB66;BA657221A8E4645C17002DF03754AB66;0007;2021-10-20;000701;SW;0002;2021-11-05;3380.00;SGD;B;2021-10-18T02:37:46Z
24777221A8E4645C17002DF03754AB66;BA657221A8E4645C17002DF03754AB66;0008;2021-10-20;000714;SW;0002;2021-11-05;3380.00;SGD;B;2021-10-18T02:37:46Z
25777221A8E4645C17002DF03754AB66;BB657221A8E4645C17002DF03754AB66;0001;2021-11-01;000004;EA;0403;2021-11-02;1554.00;EUR;B;2021-10-17T13:12:32Z
26777221A8E4645C17002DF03754AB66;BB657221A8E4645C17002DF03754AB66;0002;2021-11-01;000025;EA;0403;2021-11-02;1554.00;EUR;B;2021-10-17T13:12:32Z
27777221A8E4645C17002DF03754AB66;BC657221A8E4645C17002DF03754AB66;0001;2021-10-13;000712;EA;0403;2021-11-02;1554.00;EUR;N;2021-10-20T05:28:54Z
28777221A8E4645C17002DF03754AB66;BC657221A8E4645C17002DF03754AB66;0002;2021-10-29;000712;SW;0059;2021-11-03;2402.00;USD;N;2021-10-20T05:28:54Z
29777221A8E4645C17002DF03754AB66;BC657221A8E4645C17002DF03754AB66;0003;2021-10-24;000712;SW;0001;2021-11-04;3380.00;SGD;N;2021-10-20T05:28:54Z
2A777221A8E4645C17002DF03754AB66;BC657221A8E4645C17002DF03754AB66;0004;2021-10-16;000712;SW;0002;2021-11-05;3380.00;SGD;N;2021-10-20T05:28:54Z
2B777221A8E4645C17002DF03754AB66;BD657221A8E4645C17002DF03754AB66;0001;2021-10-21;000265;EA;0403;2021-11-02;1554.00;EUR;B;2021-10-12T14:50:53Z
2C777221A8E4645C17002DF03754AB66;BE657221A8E4645C17002DF03754AB66;0001;2021-10-29;000495;EA;0403;2021-11-02;1554.00;EUR;N;2021-10-09T15:13:08Z
2D777221A8E4645C17002DF03754AB66;BE657221A8E4645C17002DF03754AB66;0002;2021-10-29;000062;EA;0403;2021-11-02;1554.00;EUR;N;2021-10-09T15:13:08Z
2E777221A8E4645C17002DF03754AB66;BE657221A8E4645C17002DF03754AB66;0003;2021-10-23;000495;SW;0059;2021-11-03;2402.00;USD;N;2021-10-09T15:13:08Z
2F777221A8E4645C17002DF03754AB66;BE657221A8E4645C17002DF03754AB66;0004;2021-10-23;000062;SW;0059;2021-11-03;2402.00;USD;N;2021-10-09T15:13:08Z
30777221A8E4645C17002DF03754AB66;BE657221A8E4645C17002DF03754AB66;0005;2021-10-17;000495;SW;0001;2021-11-04;3380.00;SGD;N;2021-10-09T15:13:08Z
31777221A8E4645C17002DF03754AB66;BE657221A8E4645C17002DF03754AB66;0006;2021-10-17;000062;SW;0001;2021-11-04;3380.00;SGD;N;2021-10-09T15:13:08Z
32777221A8E4645C17002DF03754AB66;BF657221A8E4645C17002DF03754AB66;0001;2021-10-23;000253;EA;0403;2021-11-02;1554.00;EUR;N;2021-10-24T16:13:47Z
33777221A8E4645C17002DF03754AB66;BF657221A8E4645C17002DF03754AB66;0002;2021-10-22;000253;SW;0059;2021-11-03;2402.00;USD;N;2021-10-24T16:13:47Z
34777221A8E4645C17002DF03754AB66;BF657221A8E4645C17002DF03754AB66;0003;2021-10-23;000253;SW;0001;2021-11-04;3380.00;SGD;N;2021-10-24T16:13:47Z
35777221A8E4645C17002DF03754AB66;C0657221A8E4645C17002DF03754AB66;0001;2021-10-12;000292;EA;0403;2021-11-02;1554.00;EUR;N;2021-10-19T09:18:05Z
36777221A8E4645C17002DF03754AB66;C0657221A8E4645C17002DF03754AB66;0002;2021-10-12;000624;EA;0403;2021-11-02;1554.00;EUR;N;2021-10-19T09:18:05Z
37777221A8E4645C17002DF03754AB66;C0657221A8E4645C17002DF03754AB66;0003;2021-10-24;000292;SW;0059;2021-11-03;2402.00;USD;N;2021-10-19T09:18:05Z
38777221A8E4645C17002DF03754AB66;C0657221A8E4645C17002DF03754AB66;0004;2021-10-24;000624;SW;0059;2021-11-03;2402.00;USD;N;2021-10-19T09:18:05Z
39777221A8E4645C17002DF03754AB66;C0657221A8E4645C17002DF03754AB66;0005;2021-11-03;000292;SW;0001;2021-11-04;3380.00;SGD;N;2021-10-19T09:18:05Z
3A777221A8E4645C17002DF03754AB66;C0657221A8E4645C17002DF03754AB66;0006;2021-11-03;000624;SW;0001;2021-11-04;3380.00;SGD;N;2021-10-19T09:18:05Z
3B777221A8E4645C17002DF03754AB66;C0657221A8E4645C17002DF03754AB66;0007;2021-10-18;000292;SW;0002;2021-11-05;3380.00;SGD;N;2021-10-19T09:18:05Z
3C777221A8E4645C17002DF03754AB66;C0657221A8E4645C17002DF03754AB66;0008;2021-10-18;000624;SW;0002;2021-11-05;3380.00;SGD;N;2021-10-19T09:18:05Z
3D777221A8E4645C17002DF03754AB66;C1657221A8E4645C17002DF03754AB66;0001;2021-10-23;000190;EA;0403;2021-11-02;1554.00;EUR;N;2021-10-14T01:25:37Z
3E777221A8E4645C17002DF03754AB66;C1657221A8E4645C17002DF03754AB66;0002;2021-10-21;000190;SW;0059;2021-11-03;2402.00;USD;N;2021-10-14T01:25:37Z
3F777221A8E4645C17002DF03754AB66;C1657221A8E4645C17002DF03754AB66;0003;2021-11-02;000190;SW;0001;2021-11-04;3380.00;SGD;N;2021-10-14T01:25:37Z
40777221A8E4645C17002DF03754AB66;C1657221A8E4645C17002DF03754AB66;0004;2021-10-25;000190;SW;0002;2021-11-05;3380.00;SGD;N;2021-10-14T01:25:37Z
41777221A8E4645C17002DF03754AB66;C1657221A8E4645C17002DF03754AB66;0005;2022-08-11;000190;SW;0001;2022-08-31;3380.00;SGD;N;2021-10-14T01:25:37Z
42777221A8E4645C17002DF03754AB66;C2657221A8E4645C17002DF03754AB66;0001;2021-10-12;000033;EA;0403;2021-11-02;1554.00;EUR;N;2021-10-29T04:54:43Z
43777221A8E4645C17002DF03754AB66;C2657221A8E4645C17002DF03754AB66;0002;2021-10-12;000583;EA;0403;2021-11-02;1554.00;EUR;N;2021-10-29T04:54:43Z
44777221A8E4645C17002DF03754AB66;C2657221A8E4645C17002DF03754AB66;0003;2021-10-12;000481;EA;0403;2021-11-02;1554.00;EUR;N;2021-10-29T04:54:43Z
45777221A8E4645C17002DF03754AB66;C2657221A8E4645C17002DF03754AB66;0004;2021-11-03;000033;SW;0059;2021-11-03;2402.00;USD;N;2021-10-29T04:54:43Z
46777221A8E4645C17002DF03754AB66;C2657221A8E4645C17002DF03754AB66;0005;2021-11-03;000583;SW;0059;2021-11-03;2402.00;USD;N;2021-10-29T04:54:43Z
47777221A8E4645C17002DF03754AB66;C2657221A8E4645C17002DF03754AB66;0006;2021-11-03;000481;SW;0059;2021-11-03;2402.00;USD;N;2021-10-29T04:54:43Z
48777221A8E4645C17002DF03754AB66;C2657221A8E4645C17002DF03754AB66;0007;2021-11-04;000033;SW;0001;2021-11-04;3380.00;SGD;N;2021-10-29T04:54:43Z
49777221A8E4645C17002DF03754AB66;C2657221A8E4645C17002DF03754AB66;0008;2021-11-04;000583;SW;0001;2021-11-04;3380.00;SGD;N;2021-10-29T04:54:43Z
4A777221A8E4645C17002DF03754AB66;C2657221A8E4645C17002DF03754AB66;0009;2021-11-04;000481;SW;0001;2021-11-04;3380.00;SGD;N;2021-10-29T04:54:43Z
4B777221A8E4645C17002DF03754AB66;C3657221A8E4645C17002DF03754AB66;0001;2021-10-16;000315;EA;0403;2021-11-02;1554.00;EUR;B;2021-10-10T20:26:40Z
4C777221A8E4645C17002DF03754AB66;C3657221A8E4645C17002DF03754AB66;0002;2021-10-16;000546;EA;0403;2021-11-02;1554.00;EUR;B;2021-10-10T20:26:40Z
4D777221A8E4645C17002DF03754AB66;C3657221A8E4645C17002DF03754AB66;0003;2021-10-13;000315;SW;0059;2021-11-03;2402.00;USD;B;2021-10-10T20:26:40Z
4E777221A8E4645C17002DF03754AB66;C3657221A8E4645C17002DF03754AB66;0004;2021-10-13;000546;SW;0059;2021-11-03;2402.00;USD;B;2021-10-10T20:26:40Z
4F777221A8E4645C17002DF03754AB66;C4657221A8E4645C17002DF03754AB66;0001;2021-10-15;000663;EA;0403;2021-11-02;1554.00;EUR;N;2021-10-09T02:15:09Z
50777221A8E4645C17002DF03754AB66;C4657221A8E4645C17002DF03754AB66;0002;2021-10-26;000663;SW;0059;2021-11-03;2402.00;USD;N;2021-10-09T02:15:09Z
51777221A8E4645C17002DF03754AB66;C4657221A8E4645C17002DF03754AB66;0003;2021-10-16;000663;SW;0001;2021-11-04;3380.00;SGD;N;2021-10-09T02:15:09Z
52777221A8E4645C17002DF03754AB66;C4657221A8E4645C17002DF03754AB66;0004;2021-10-21;000663;SW;0002;2021-11-05;3380.00;SGD;N;2021-10-09T02:15:09Z
53777221A8E4645C17002DF03754AB66;C4657221A8E4645C17002DF03754AB66;0005;2022-08-30;000663;SW;0001;2022-08-31;3380.00;SGD;N;2021-10-09T02:15:09Z
54777221A8E4645C17002DF03754AB66;C5657221A8E4645C17002DF03754AB66;0001;2021-10-25;000097;EA;0403;2021-11-02;1554.00;EUR;N;2021-10-19T18:35:26Z
55777221A8E4645C17002DF03754AB66;C5657221A8E4645C17002DF03754AB66;0002;2021-10-25;000097;SW;0059;2021-11-03;2402.00;USD;N;2021-10-19T18:35:26Z
56777221A8E4645C17002DF03754AB66;C5657221A8E4645C17002DF03754AB66;0003;2021-10-17;000097;SW;0001;2021-11-04;3380.00;SGD;N;2021-10-19T18:35:26Z
57777221A8E4645C17002DF03754AB66;C6657221A8E4645C17002DF03754AB66;0001;2021-10-27;000133;EA;0403;2021-11-02;1554.00;EUR;B;2021-10-23T11:36:47Z
58777221A8E4645C17002DF03754AB66;C6657221A8E4645C17002DF03754AB66;0002;2021-10-27;000716;EA;0403;2021-11-02;1554.00;EUR;B;2021-10-23T11:36:47Z
59777221A8E4645C17002DF03754AB66;C6657221A8E4645C17002DF03754AB66;0003;2021-11-03;000133;SW;0059;2021-11-03;2402.00;USD;B;2021-10-23T11:36:47Z
5A777221A8E4645C17002DF03754AB66;C6657221A8E4645C17002DF03754AB66;0004;2021-11-03;000716;SW;0059;2021-11-03;2402.00;USD;B;2021-10-23T11:36:47Z
5B777221A8E4645C17002DF03754AB66;C6657221A8E4645C17002DF03754AB66;0005;2021-10-18;000133;SW;0001;2021-11-04;3380.00;SGD;B;2021-10-23T11:36:47Z
5C777221A8E4645C17002DF03754AB66;C6657221A8E4645C17002DF03754AB66;0006;2021-10-18;000716;SW;0001;2021-11-04;3380.00;SGD;B;2021-10-23T11:36:47Z
5D777221A8E4645C17002DF03754AB66;C6657221A8E4645C17002DF03754AB66;0007;2021-10-22;000133;SW;0002;2021-11-05;3380.00;SGD;B;2021-10-23T11:36:47Z
5E777221A8E4645C17002DF03754AB66;C6657221A8E4645C17002DF03754AB66;0008;2021-10-22;000716;SW;0002;2021-11-05;3380.00;SGD;B;2021-10-23T11:36:47Z
5F777221A8E4645C17002DF03754AB66;C6657221A8E4645C17002DF03754AB66;0009;2022-08-22;000133;SW;0001;2022-08-31;3380.00;SGD;B;2021-10-23T11:36:47Z
60777221A8E4645C17002DF03754AB66;C6657221A8E4645C17002DF03754AB66;0010;2022-08-22;000716;SW;0001;2022-08-31;3380.00;SGD;B;2021-10-23T11:36:47Z
61777221A8E4645C17002DF03754AB66;C7657221A8E4645C17002DF03754AB66;0001;2021-10-17;000193;EA;0403;2021-11-02;1616.00;EUR;N;2021-10-29T22:13:49Z
62777221A8E4645C17002DF03754AB66;C7657221A8E4645C17002DF03754AB66;0002;2021-10-14;000193;SW;0059;2021-11-03;2402.00;USD;N;2021-10-29T22:13:49Z
63777221A8E4645C17002DF03754AB66;C8657221A8E4645C17002DF03754AB66;0001;2021-10-30;000106;EA;0403;2021-11-02;1616.00;EUR;N;2021-10-07T00:17:39Z
64777221A8E4645C17002DF03754AB66;C8657221A8E4645C17002DF03754AB66;0002;2021-10-30;000206;EA;0403;2021-11-02;1616.00;EUR;N;2021-10-07T00:17:39Z
65777221A8E4645C17002DF03754AB66;C9657221A8E4645C17002DF03754AB66;0001;2021-10-29;000584;EA;0403;2021-11-02;1616.00;EUR;N;2021-10-16T09:25:46Z
66777221A8E4645C17002DF03754AB66;C9657221A8E4645C17002DF03754AB66;0002;2021-10-13;000584;SW;0059;2021-11-03;2402.00;USD;N;2021-10-16T09:25:46Z
67777221A8E4645C17002DF03754AB66;C9657221A8E4645C17002DF03754AB66;0003;2021-10-29;000584;SW;0001;2021-11-04;3380.00;SGD;N;2021-10-16T09:25:46Z
68777221A8E4645C17002DF03754AB66;C9657221A8E4645C17002DF03754AB66;0004;2021-11-03;000584;SW;0002;2021-11-05;3380.00;SGD;N;2021-10-16T09:25:46Z
69777221A8E4645C17002DF03754AB66;CA657221A8E4645C17002DF03754AB66;0001;2021-10-29;000633;EA;0403;2021-11-02;1616.00;EUR;N;2021-10-30T01:05:59Z
6A777221A8E4645C17002DF03754AB66;CA657221A8E4645C17002DF03754AB66;0002;2021-10-29;000057;EA;0403;2021-11-02;1616.00;EUR;N;2021-10-30T01:05:59Z
6B777221A8E4645C17002DF03754AB66;CA657221A8E4645C17002DF03754AB66;0003;2021-10-28;000633;SW;0059;2021-11-03;2402.00;USD;N;2021-10-30T01:05:59Z
6C777221A8E4645C17002DF03754AB66;CA657221A8E4645C17002DF03754AB66;0004;2021-10-28;000057;SW;0059;2021-11-03;2402.00;USD;N;2021-10-30T01:05:59Z
6D777221A8E4645C17002DF03754AB66;CA657221A8E4645C17002DF03754AB66;0005;2021-11-02;000633;SW;0001;2021-11-04;3380.00;SGD;N;2021-10-30T01:05:59Z
6E777221A8E4645C17002DF03754AB66;CA657221A8E4645C17002DF03754AB66;0006;2021-11-02;000057;SW;0001;2021-11-04;3380.00;SGD;N;2021-10-30T01:05:59Z
6F777221A8E4645C17002DF03754AB66;CA657221A8E4645C17002DF03754AB66;0007;2021-10-19;000633;SW;0002;2021-11-05;3380.00;SGD;N;2021-10-30T01:05:59Z
70777221A8E4645C17002DF03754AB66;CA657221A8E4645C17002DF03754AB66;0008;2021-10-19;000057;SW;0002;2021-11-05;3380.00;SGD;N;2021-10-30T01:05:59Z
71777221A8E4645C17002DF03754AB66;CA657221A8E4645C17002DF03754AB66;0009;2022-08-13;000633;SW;0001;2022-08-31;3380.00;SGD;N;2021-10-30T01:05:59Z
72777221A8E4645C17002DF03754AB66;CA657221A8E4645C17002DF03754AB66;0010;2022-08-13;000057;SW;0001;2022-08-31;3380.00;SGD;N;2021-10-30T01:05:59Z
73777221A8E4645C17002DF03754AB66;CB657221A8E4645C17002DF03754AB66;0001;2021-11-01;000423;EA;0403;2021-11-02;1616.00;EUR;N;2021-11-01T23:48:45Z
74777221A8E4645C17002DF03754AB66;CB657221A8E4645C17002DF03754AB66;0002;2021-10-21;000423;SW;0059;2021-11-03;2402.00;USD;N;2021-11-01T23:48:45Z
75777221A8E4645C17002DF03754AB66;CC657221A8E4645C17002DF03754AB66;0001;2021-10-19;000457;EA;0403;2021-11-02;1616.00;EUR;N;2021-10-21T23:55:14Z
76777221A8E4645C17002DF03754AB66;CC657221A8E4645C17002DF03754AB66;0002;2021-10-19;000401;EA;0403;2021-11-02;1616.00;EUR;N;2021-10-21T23:55:14Z
77777221A8E4645C17002DF03754AB66;CC657221A8E4645C17002DF03754AB66;0003;2021-10-22;000457;SW;0059;2021-11-03;2402.00;USD;N;2021-10-21T23:55:14Z
78777221A8E4645C17002DF03754AB66;CC657221A8E4645C17002DF03754AB66;0004;2021-10-22;000401;SW;0059;2021-11-03;2402.00;USD;N;2021-10-21T23:55:14Z
79777221A8E4645C17002DF03754AB66;CC657221A8E4645C17002DF03754AB66;0005;2021-11-04;000457;SW;0001;2021-11-04;3380.00;SGD;N;2021-10-21T23:55:14Z
7A777221A8E4645C17002DF03754AB66;CC657221A8E4645C17002DF03754AB66;0006;2021-11-04;000401;SW;0001;2021-11-04;3380.00;SGD;N;2021-10-21T23:55:14Z
7B777221A8E4645C17002DF03754AB66;CC657221A8E4645C17002DF03754AB66;0007;2021-11-02;000457;SW;0002;2021-11-05;3380.00;SGD;N;2021-10-21T23:55:14Z
7C777221A8E4645C17002DF03754AB66;CC657221A8E4645C17002DF03754AB66;0008;2021-11-02;000401;SW;0002;2021-11-05;3380.00;SGD;N;2021-10-21T23:55:14Z
7D777221A8E4645C17002DF03754AB66;CC657221A8E4645C17002DF03754AB66;0009;2022-08-17;000457;SW;0001;2022-08-31;3380.00;SGD;N;2021-10-21T23:55:14Z
7E777221A8E4645C17002DF03754AB66;CC657221A8E4645C17002DF03754AB66;0010;2022-08-17;000401;SW;0001;2022-08-31;3380.00;SGD;N;2021-10-21T23:55:14Z
7F777221A8E4645C17002DF03754AB66;CD657221A8E4645C17002DF03754AB66;0001;2021-10-15;000006;EA;0403;2021-11-02;1616.00;EUR;N;2021-10-22T17:29:20Z
80777221A8E4645C17002DF03754AB66;CD657221A8E4645C17002DF03754AB66;0002;2021-10-15;000106;EA;0403;2021-11-02;1616.00;EUR;N;2021-10-22T17:29:20Z
81777221A8E4645C17002DF03754AB66;CD657221A8E4645C17002DF03754AB66;0003;2021-10-15;000496;EA;0403;2021-11-02;1616.00;EUR;N;2021-10-22T17:29:20Z
82777221A8E4645C17002DF03754AB66;CD657221A8E4645C17002DF03754AB66;0004;2021-10-22;000006;SW;0059;2021-11-03;2402.00;USD;N;2021-10-22T17:29:20Z
83777221A8E4645C17002DF03754AB66;CD657221A8E4645C17002DF03754AB66;0005;2021-10-22;000106;SW;0059;2021-11-03;2402.00;USD;N;2021-10-22T17:29:20Z
84777221A8E4645C17002DF03754AB66;CD657221A8E4645C17002DF03754AB66;0006;2021-10-22;000496;SW;0059;2021-11-03;2402.00;USD;N;2021-10-22T17:29:20Z
85777221A8E4645C17002DF03754AB66;CD657221A8E4645C17002DF03754AB66;0007;2021-10-21;000006;SW;0001;2021-11-04;3380.00;SGD;N;2021-10-22T17:29:20Z
86777221A8E4645C17002DF03754AB66;CD657221A8E4645C17002DF03754AB66;0008;2021-10-21;000106;SW;0001;2021-11-04;3380.00;SGD;N;2021-10-22T17:29:20Z
87777221A8E4645C17002DF03754AB66;CD657221A8E4645C17002DF03754AB66;0009;2021-10-21;000496;SW;0001;2021-11-04;3380.00;SGD;N;2021-10-22T17:29:20Z
88777221A8E4645C17002DF03754AB66;CE657221A8E4645C17002DF03754AB66;0001;2021-10-23;000622;EA;0403;2021-11-02;1678.00;EUR;B;2021-10-11T18:14:58Z
89777221A8E4645C17002DF03754AB66;CE657221A8E4645C17002DF03754AB66;0002;2021-10-23;000389;EA;0403;2021-11-02;1678.00;EUR;B;2021-10-11T18:14:58Z
8A777221A8E4645C17002DF03754AB66;CE657221A8E4645C17002DF03754AB66;0003;2021-10-26;000622;SW;0059;2021-11-03;2402.00;USD;B;2021-10-11T18:14:58Z
8B777221A8E4645C17002DF03754AB66;CE657221A8E4645C17002DF03754AB66;0004;2021-10-26;000389;SW;0059;2021-11-03;2402.00;USD;B;2021-10-11T18:14:58Z
8C777221A8E4645C17002DF03754AB66;CE657221A8E4645C17002DF03754AB66;0005;2021-10-30;000622;SW;0001;2021-11-04;3380.00;SGD;B;2021-10-11T18:14:58Z
8D777221A8E4645C17002DF03754AB66;CE657221A8E4645C17002DF03754AB66;0006;2021-10-30;000389;SW;0001;2021-11-04;3380.00;SGD;B;2021-10-11T18:14:58Z
8E777221A8E4645C17002DF03754AB66;CE657221A8E4645C17002DF03754AB66;0007;2021-10-25;000622;SW;0002;2021-11-05;3380.00;SGD;B;2021-10-11T18:14:58Z
8F777221A8E4645C17002DF03754AB66;CE657221A8E4645C17002DF03754AB66;0008;2021-10-25;000389;SW;0002;2021-11-05;3380.00;SGD;B;2021-10-11T18:14:58Z
90777221A8E4645C17002DF03754AB66;CE657221A8E4645C17002DF03754AB66;0009;2022-08-29;000622;SW;0001;2022-08-31;3380.00;SGD;B;2021-10-11T18:14:58Z
91777221A8E4645C17002DF03754AB66;CE657221A8E4645C17002DF03754AB66;0010;2022-08-29;000389;SW;0001;2022-08-31;3380.00;SGD;B;2021-10-11T18:14:58Z
92777221A8E4645C17002DF03754AB66;CF657221A8E4645C17002DF03754AB66;0001;2021-10-24;000453;EA;0403;2021-11-02;1678.00;EUR;N;2021-10-28T19:57:36Z
93777221A8E4645C17002DF03754AB66;CF657221A8E4645C17002DF03754AB66;0002;2021-10-24;000320;EA;0403;2021-11-02;1678.00;EUR;N;2021-10-28T19:57:36Z
94777221A8E4645C17002DF03754AB66;CF657221A8E4645C17002DF03754AB66;0003;2021-10-24;000256;EA;0403;2021-11-02;1678.00;EUR;N;2021-10-28T19:57:36Z
95777221A8E4645C17002DF03754AB66;CF657221A8E4645C17002DF03754AB66;0004;2021-10-25;000453;SW;0059;2021-11-03;2498.00;USD;N;2021-10-28T19:57:36Z
96777221A8E4645C17002DF03754AB66;CF657221A8E4645C17002DF03754AB66;0005;2021-10-25;000320;SW;0059;2021-11-03;2498.00;USD;N;2021-10-28T19:57:36Z
97777221A8E4645C17002DF03754AB66;CF657221A8E4645C17002DF03754AB66;0006;2021-10-25;000256;SW;0059;2021-11-03;2498.00;USD;N;2021-10-28T19:57:36Z
98777221A8E4645C17002DF03754AB66;CF657221A8E4645C17002DF03754AB66;0007;2021-11-03;000453;SW;0001;2021-11-04;3380.00;SGD;N;2021-10-28T19:57:36Z
99777221A8E4645C17002DF03754AB66;CF657221A8E4645C17002DF03754AB66;0008;2021-11-03;000320;SW;0001;2021-11-04;3380.00;SGD;N;2021-10-28T19:57:36Z
9A777221A8E4645C17002DF03754AB66;CF657221A8E4645C17002DF03754AB66;0009;2021-11-03;000256;SW;0001;2021-11-04;3380.00;SGD;N;2021-10-28T19:57:36Z
9B777221A8E4645C17002DF03754AB66;CF657221A8E4645C17002DF03754AB66;0010;2021-10-19;000453;SW;0002;2021-11-05;3380.00;SGD;N;2021-10-28T19:57:36Z
9C777221A8E4645C17002DF03754AB66;CF657221A8E4645C17002DF03754AB66;0011;2021-10-19;000320;SW;0002;2021-11-05;3380.00;SGD;N;2021-10-28T19:57:36Z
9D777221A8E4645C17002DF03754AB66;CF657221A8E4645C17002DF03754AB66;0012;2021-10-19;000256;SW;0002;2021-11-05;3380.00;SGD;N;2021-10-28T19:57:36Z
9E777221A8E4645C17002DF03754AB66;D0657221A8E4645C17002DF03754AB66;0001;2021-10-27;000374;EA;0403;2021-11-02;1678.00;EUR;B;2021-10-24T01:31:11Z
9F777221A8E4645C17002DF03754AB66;D0657221A8E4645C17002DF03754AB66;0002;2021-10-27;000101;EA;0403;2021-11-02;1678.00;EUR;B;2021-10-24T01:31:11Z
A0777221A8E4645C17002DF03754AB66;D0657221A8E4645C17002DF03754AB66;0003;2021-11-03;000374;SW;0059;2021-11-03;2498.00;USD;B;2021-10-24T01:31:11Z
A1777221A8E4645C17002DF03754AB66;D0657221A8E4645C17002DF03754AB66;0004;2021-11-03;000101;SW;0059;2021-11-03;2498.00;USD;B;2021-10-24T01:31:11Z
A2777221A8E4645C17002DF03754AB66;D0657221A8E4645C17002DF03754AB66;0005;2021-11-02;000374;SW;0001;2021-11-04;3380.00;SGD;B;2021-10-24T01:31:11Z
A3777221A8E4645C17002DF03754AB66;D0657221A8E4645C17002DF03754AB66;0006;2021-11-02;000101;SW;0001;2021-11-04;3380.00;SGD;B;2021-10-24T01:31:11Z
A4777221A8E4645C17002DF03754AB66;D1657221A8E4645C17002DF03754AB66;0001;2021-10-27;000293;EA;0403;2021-11-02;1740.00;EUR;N;2021-10-21T08:29:24Z
A5777221A8E4645C17002DF03754AB66;D1657221A8E4645C17002DF03754AB66;0002;2021-10-27;000279;EA;0403;2021-11-02;1740.00;EUR;N;2021-10-21T08:29:24Z
A6777221A8E4645C17002DF03754AB66;D1657221A8E4645C17002DF03754AB66;0003;2021-10-27;000056;EA;0403;2021-11-02;1740.00;EUR;N;2021-10-21T08:29:24Z
A7777221A8E4645C17002DF03754AB66;D1657221A8E4645C17002DF03754AB66;0004;2021-10-30;000293;SW;0059;2021-11-03;2498.00;USD;N;2021-10-21T08:29:24Z
A8777221A8E4645C17002DF03754AB66;D1657221A8E4645C17002DF03754AB66;0005;2021-10-30;000279;SW;0059;2021-11-03;2498.00;USD;N;2021-10-21T08:29:24Z
A9777221A8E4645C17002DF03754AB66;D1657221A8E4645C17002DF03754AB66;0006;2021-10-30;000056;SW;0059;2021-11-03;2498.00;USD;N;2021-10-21T08:29:24Z
GA777221A8E4645C17002DF03754AB66;D1657221A8E4645C17002DF03754AB66;0007;2021-10-24;000293;SW;0001;2021-11-04;3515.00;SGD;N;2021-10-21T08:29:24Z
AB777221A8E4645C17002DF03754AB66;D1657221A8E4645C17002DF03754AB66;0008;2021-10-24;000279;SW;0001;2021-11-04;3515.00;SGD;N;2021-10-21T08:29:24Z
AC777221A8E4645C17002DF03754AB66;D1657221A8E4645C17002DF03754AB66;0009;2021-10-24;000056;SW;0001;2021-11-04;3515.00;SGD;N;2021-10-21T08:29:24Z
AD777221A8E4645C17002DF03754AB66;D1657221A8E4645C17002DF03754AB66;0010;2021-10-30;000293;SW;0002;2021-11-05;3380.00;SGD;N;2021-10-21T08:29:24Z
AE777221A8E4645C17002DF03754AB66;D1657221A8E4645C17002DF03754AB66;0011;2021-10-30;000279;SW;0002;2021-11-05;3380.00;SGD;N;2021-10-21T08:29:24Z
AF777221A8E4645C17002DF03754AB66;D1657221A8E4645C17002DF03754AB66;0012;2021-10-30;000056;SW;0002;2021-11-05;3380.00;SGD;N;2021-10-21T08:29:24Z
B0777221A8E4645C17002DF03754AB66;D1657221A8E4645C17002DF03754AB66;0013;2022-08-14;000293;SW;0001;2022-08-31;3380.00;SGD;N;2021-10-21T08:29:24Z
B1777221A8E4645C17002DF03754AB66;D1657221A8E4645C17002DF03754AB66;0014;2022-08-14;000279;SW;0001;2022-08-31;3380.00;SGD;N;2021-10-21T08:29:24Z
B2777221A8E4645C17002DF03754AB66;D1657221A8E4645C17002DF03754AB66;0015;2022-08-14;000056;SW;0001;2022-08-31;3380.00;SGD;N;2021-10-21T08:29:24Z
B3777221A8E4645C17002DF03754AB66;D2657221A8E4645C17002DF03754AB66;0001;2021-10-24;000556;EA;0403;2021-11-02;1740.00;EUR;N;2021-10-31T06:40:17Z
B4777221A8E4645C17002DF03754AB66;D2657221A8E4645C17002DF03754AB66;0002;2021-10-13;000556;SW;0059;2021-11-03;2498.00;USD;N;2021-10-31T06:40:17Z
B5777221A8E4645C17002DF03754AB66;D2657221A8E4645C17002DF03754AB66;0003;2021-11-03;000556;SW;0001;2021-11-04;3515.00;SGD;N;2021-10-31T06:40:17Z
B6777221A8E4645C17002DF03754AB66;D3657221A8E4645C17002DF03754AB66;0001;2021-10-15;000175;EA;0403;2021-11-02;1740.00;EUR;N;2021-10-18T18:22:09Z
B7777221A8E4645C17002DF03754AB66;D3657221A8E4645C17002DF03754AB66;0002;2021-10-15;000030;EA;0403;2021-11-02;1740.00;EUR;N;2021-10-18T18:22:09Z
B8777221A8E4645C17002DF03754AB66;D3657221A8E4645C17002DF03754AB66;0003;2021-10-15;000175;SW;0059;2021-11-03;2498.00;USD;N;2021-10-18T18:22:09Z
B9777221A8E4645C17002DF03754AB66;D3657221A8E4645C17002DF03754AB66;0004;2021-10-15;000030;SW;0059;2021-11-03;2498.00;USD;N;2021-10-18T18:22:09Z
BA777221A8E4645C17002DF03754AB66;D3657221A8E4645C17002DF03754AB66;0005;2021-10-28;000175;SW;0001;2021-11-04;3515.00;SGD;N;2021-10-18T18:22:09Z
BB777221A8E4645C17002DF03754AB66;D3657221A8E4645C17002DF03754AB66;0006;2021-10-28;000030;SW;0001;2021-11-04;3515.00;SGD;N;2021-10-18T18:22:09Z
BC777221A8E4645C17002DF03754AB66;D3657221A8E4645C17002DF03754AB66;0007;2021-10-16;000175;SW;0002;2021-11-05;3380.00;SGD;N;2021-10-18T18:22:09Z
BD777221A8E4645C17002DF03754AB66;D3657221A8E4645C17002DF03754AB66;0008;2021-10-16;000030;SW;0002;2021-11-05;3380.00;SGD;N;2021-10-18T18:22:09Z
BE777221A8E4645C17002DF03754AB66;D3657221A8E4645C17002DF03754AB66;0009;2022-08-30;000175;SW;0001;2022-08-31;3380.00;SGD;N;2021-10-18T18:22:09Z
BF777221A8E4645C17002DF03754AB66;D3657221A8E4645C17002DF03754AB66;0010;2022-08-30;000030;SW;0001;2022-08-31;3380.00;SGD;N;2021-10-18T18:22:09Z
C0777221A8E4645C17002DF03754AB66;D4657221A8E4645C17002DF03754AB66;0001;2021-10-22;000090;EA;0403;2021-11-02;1740.00;EUR;N;2021-10-21T09:02:53Z
C1777221A8E4645C17002DF03754AB66;D4657221A8E4645C17002DF03754AB66;0002;2021-10-28;000090;SW;0059;2021-11-03;2498.00;USD;N;2021-10-21T09:02:53Z
C2777221A8E4645C17002DF03754AB66;D4657221A8E4645C17002DF03754AB66;0003;2021-10-24;000090;SW;0001;2021-11-04;3515.00;SGD;N;2021-10-21T09:02:53Z
C3777221A8E4645C17002DF03754AB66;D5657221A8E4645C17002DF03754AB66;0001;2021-10-21;000185;EA;0403;2021-11-02;1740.00;EUR;B;2021-10-20T20:54:01Z
C4777221A8E4645C17002DF03754AB66;D5657221A8E4645C17002DF03754AB66;0002;2021-10-21;000134;EA;0403;2021-11-02;1740.00;EUR;B;2021-10-20T20:54:01Z
C5777221A8E4645C17002DF03754AB66;D5657221A8E4645C17002DF03754AB66;0003;2021-10-26;000185;SW;0059;2021-11-03;2498.00;USD;B;2021-10-20T20:54:01Z
C6777221A8E4645C17002DF03754AB66;D5657221A8E4645C17002DF03754AB66;0004;2021-10-26;000134;SW;0059;2021-11-03;2498.00;USD;B;2021-10-20T20:54:01Z
C7777221A8E4645C17002DF03754AB66;D5657221A8E4645C17002DF03754AB66;0005;2021-10-16;000185;SW;0001;2021-11-04;3515.00;SGD;B;2021-10-20T20:54:01Z
C8777221A8E4645C17002DF03754AB66;D5657221A8E4645C17002DF03754AB66;0006;2021-10-16;000134;SW;0001;2021-11-04;3515.00;SGD;B;2021-10-20T20:54:01Z
C9777221A8E4645C17002DF03754AB66;D6657221A8E4645C17002DF03754AB66;0001;2021-10-14;000368;EA;0403;2021-11-02;1740.00;EUR;B;2021-10-18T03:05:46Z
CA777221A8E4645C17002DF03754AB66;D6657221A8E4645C17002DF03754AB66;0002;2021-10-14;000175;EA;0403;2021-11-02;1740.00;EUR;B;2021-10-18T03:05:46Z
CB777221A8E4645C17002DF03754AB66;D6657221A8E4645C17002DF03754AB66;0003;2021-10-14;000599;EA;0403;2021-11-02;1740.00;EUR;B;2021-10-18T03:05:46Z
CC777221A8E4645C17002DF03754AB66;D7657221A8E4645C17002DF03754AB66;0001;2021-10-25;000715;EA;0403;2021-11-02;1802.00;EUR;N;2021-10-03T05:20:07Z
CD777221A8E4645C17002DF03754AB66;D7657221A8E4645C17002DF03754AB66;0002;2021-10-25;000037;EA;0403;2021-11-02;1802.00;EUR;N;2021-10-03T05:20:07Z
CE777221A8E4645C17002DF03754AB66;D8657221A8E4645C17002DF03754AB66;0001;2021-10-25;000658;EA;0403;2021-11-02;1802.00;EUR;N;2021-10-13T02:08:50Z
CF777221A8E4645C17002DF03754AB66;D8657221A8E4645C17002DF03754AB66;0002;2021-10-25;000220;EA;0403;2021-11-02;1802.00;EUR;N;2021-10-13T02:08:50Z
D0777221A8E4645C17002DF03754AB66;D8657221A8E4645C17002DF03754AB66;0003;2021-10-25;000688;EA;0403;2021-11-02;1802.00;EUR;N;2021-10-13T02:08:50Z
D1777221A8E4645C17002DF03754AB66;D8657221A8E4645C17002DF03754AB66;0004;2021-11-03;000658;SW;0059;2021-11-03;2498.00;USD;N;2021-10-13T02:08:50Z
D2777221A8E4645C17002DF03754AB66;D8657221A8E4645C17002DF03754AB66;0005;2021-11-03;000220;SW;0059;2021-11-03;2498.00;USD;N;2021-10-13T02:08:50Z
D3777221A8E4645C17002DF03754AB66;D8657221A8E4645C17002DF03754AB66;0006;2021-11-03;000688;SW;0059;2021-11-03;2498.00;USD;N;2021-10-13T02:08:50Z
D4777221A8E4645C17002DF03754AB66;D8657221A8E4645C17002DF03754AB66;0007;2021-11-02;000658;SW;0001;2021-11-04;3515.00;SGD;N;2021-10-13T02:08:50Z
D5777221A8E4645C17002DF03754AB66;D8657221A8E4645C17002DF03754AB66;0008;2021-11-02;000220;SW;0001;2021-11-04;3515.00;SGD;N;2021-10-13T02:08:50Z
D6777221A8E4645C17002DF03754AB66;D8657221A8E4645C17002DF03754AB66;0009;2021-11-02;000688;SW;0001;2021-11-04;3515.00;SGD;N;2021-10-13T02:08:50Z
D7777221A8E4645C17002DF03754AB66;D8657221A8E4645C17002DF03754AB66;0010;2021-11-02;000658;SW;0002;2021-11-05;3380.00;SGD;N;2021-10-13T02:08:50Z
D8777221A8E4645C17002DF03754AB66;D8657221A8E4645C17002DF03754AB66;0011;2021-11-02;000220;SW;0002;2021-11-05;3380.00;SGD;N;2021-10-13T02:08:50Z
D9777221A8E4645C17002DF03754AB66;D8657221A8E4645C17002DF03754AB66;0012;2021-11-02;000688;SW;0002;2021-11-05;3380.00;SGD;N;2021-10-13T02:08:50Z
DA777221A8E4645C17002DF03754AB66;D9657221A8E4645C17002DF03754AB66;0001;2021-10-16;000035;EA;0403;2021-11-02;1865.00;EUR;N;2021-10-26T02:06:30Z
DB777221A8E4645C17002DF03754AB66;D9657221A8E4645C17002DF03754AB66;0002;2021-10-16;000358;EA;0403;2021-11-02;1865.00;EUR;N;2021-10-26T02:06:30Z
DC777221A8E4645C17002DF03754AB66;DA657221A8E4645C17002DF03754AB66;0001;2021-10-14;000357;EA;0403;2021-11-02;1865.00;EUR;N;2021-10-05T19:29:00Z
DD777221A8E4645C17002DF03754AB66;DA657221A8E4645C17002DF03754AB66;0002;2021-10-14;000397;EA;0403;2021-11-02;1865.00;EUR;N;2021-10-05T19:29:00Z
DE777221A8E4645C17002DF03754AB66;DA657221A8E4645C17002DF03754AB66;0003;2021-10-25;000357;SW;0059;2021-11-03;2594.00;USD;N;2021-10-05T19:29:00Z
DF777221A8E4645C17002DF03754AB66;DA657221A8E4645C17002DF03754AB66;0004;2021-10-25;000397;SW;0059;2021-11-03;2594.00;USD;N;2021-10-05T19:29:00Z
E0777221A8E4645C17002DF03754AB66;DB657221A8E4645C17002DF03754AB66;0001;2021-10-28;000647;EA;0403;2021-11-02;1865.00;EUR;N;2021-10-04T12:42:05Z
E1777221A8E4645C17002DF03754AB66;DB657221A8E4645C17002DF03754AB66;0002;2021-10-28;000647;SW;0059;2021-11-03;2594.00;USD;N;2021-10-04T12:42:05Z
E2777221A8E4645C17002DF03754AB66;DC657221A8E4645C17002DF03754AB66;0001;2021-10-27;000656;EA;0403;2021-11-02;1865.00;EUR;N;2021-10-19T12:53:21Z
E3777221A8E4645C17002DF03754AB66;DC657221A8E4645C17002DF03754AB66;0002;2021-10-27;000251;EA;0403;2021-11-02;1865.00;EUR;N;2021-10-19T12:53:21Z
E4777221A8E4645C17002DF03754AB66;DC657221A8E4645C17002DF03754AB66;0003;2021-10-25;000656;SW;0059;2021-11-03;2594.00;USD;N;2021-10-19T12:53:21Z
E5777221A8E4645C17002DF03754AB66;DC657221A8E4645C17002DF03754AB66;0004;2021-10-25;000251;SW;0059;2021-11-03;2594.00;USD;N;2021-10-19T12:53:21Z
E6777221A8E4645C17002DF03754AB66;DC657221A8E4645C17002DF03754AB66;0005;2021-10-24;000656;SW;0001;2021-11-04;3515.00;SGD;N;2021-10-19T12:53:21Z
E7777221A8E4645C17002DF03754AB66;DC657221A8E4645C17002DF03754AB66;0006;2021-10-24;000251;SW;0001;2021-11-04;3515.00;SGD;N;2021-10-19T12:53:21Z
E8777221A8E4645C17002DF03754AB66;DC657221A8E4645C17002DF03754AB66;0007;2021-11-03;000656;SW;0002;2021-11-05;3380.00;SGD;N;2021-10-19T12:53:21Z
E9777221A8E4645C17002DF03754AB66;DC657221A8E4645C17002DF03754AB66;0008;2021-11-03;000251;SW;0002;2021-11-05;3380.00;SGD;N;2021-10-19T12:53:21Z
EA777221A8E4645C17002DF03754AB66;DC657221A8E4645C17002DF03754AB66;0009;2022-08-27;000656;SW;0001;2022-08-31;3380.00;SGD;N;2021-10-19T12:53:21Z
EB777221A8E4645C17002DF03754AB66;DC657221A8E4645C17002DF03754AB66;0010;2022-08-27;000251;SW;0001;2022-08-31;3380.00;SGD;N;2021-10-19T12:53:21Z
EC777221A8E4645C17002DF03754AB66;DD657221A8E4645C17002DF03754AB66;0001;2021-10-30;000269;EA;0403;2021-11-02;1927.00;EUR;N;2021-10-30T02:41:03Z
ED777221A8E4645C17002DF03754AB66;DD657221A8E4645C17002DF03754AB66;0002;2021-10-30;000025;EA;0403;2021-11-02;1927.00;EUR;N;2021-10-30T02:41:03Z
EE777221A8E4645C17002DF03754AB66;DD657221A8E4645C17002DF03754AB66;0003;2021-10-23;000269;SW;0059;2021-11-03;2594.00;USD;N;2021-10-30T02:41:03Z
EF777221A8E4645C17002DF03754AB66;DD657221A8E4645C17002DF03754AB66;0004;2021-10-23;000025;SW;0059;2021-11-03;2594.00;USD;N;2021-10-30T02:41:03Z
F0777221A8E4645C17002DF03754AB66;DD657221A8E4645C17002DF03754AB66;0005;2021-10-15;000269;SW;0001;2021-11-04;3515.00;SGD;N;2021-10-30T02:41:03Z
F1777221A8E4645C17002DF03754AB66;DD657221A8E4645C17002DF03754AB66;0006;2021-10-15;000025;SW;0001;2021-11-04;3515.00;SGD;N;2021-10-30T02:41:03Z
F2777221A8E4645C17002DF03754AB66;DD657221A8E4645C17002DF03754AB66;0007;2021-10-15;000269;SW;0002;2021-11-05;3380.00;SGD;N;2021-10-30T02:41:03Z
F3777221A8E4645C17002DF03754AB66;DD657221A8E4645C17002DF03754AB66;0008;2021-10-15;000025;SW;0002;2021-11-05;3380.00;SGD;N;2021-10-30T02:41:03Z
F4777221A8E4645C17002DF03754AB66;DD657221A8E4645C17002DF03754AB66;0009;2022-08-11;000269;SW;0001;2022-08-31;3380.00;SGD;N;2021-10-30T02:41:03Z
F5777221A8E4645C17002DF03754AB66;DD657221A8E4645C17002DF03754AB66;0010;2022-08-11;000025;SW;0001;2022-08-31;3380.00;SGD;N;2021-10-30T02:41:03Z
F6777221A8E4645C17002DF03754AB66;DE657221A8E4645C17002DF03754AB66;0001;2021-10-19;000081;EA;0403;2021-11-02;1927.00;EUR;N;2021-11-02T20:01:25Z
F7777221A8E4645C17002DF03754AB66;DE657221A8E4645C17002DF03754AB66;0002;2021-10-21;000081;SW;0059;2021-11-03;2594.00;USD;N;2021-11-02T20:01:25Z
F8777221A8E4645C17002DF03754AB66;DE657221A8E4645C17002DF03754AB66;0003;2021-10-19;000081;SW;0001;2021-11-04;3651.00;SGD;N;2021-11-02T20:01:25Z
F9777221A8E4645C17002DF03754AB66;DE657221A8E4645C17002DF03754AB66;0004;2021-11-04;000081;SW;0002;2021-11-05;3380.00;SGD;N;2021-11-02T20:01:25Z
FA777221A8E4645C17002DF03754AB66;DE657221A8E4645C17002DF03754AB66;0005;2022-08-22;000081;SW;0001;2022-08-31;3380.00;SGD;N;2021-11-02T20:01:25Z
FB777221A8E4645C17002DF03754AB66;DF657221A8E4645C17002DF03754AB66;0001;2021-10-28;000119;EA;0403;2021-11-02;1927.00;EUR;N;2021-10-25T13:30:15Z
FC777221A8E4645C17002DF03754AB66;DF657221A8E4645C17002DF03754AB66;0002;2021-10-28;000569;EA;0403;2021-11-02;1927.00;EUR;N;2021-10-25T13:30:15Z
FD777221A8E4645C17002DF03754AB66;DF657221A8E4645C17002DF03754AB66;0003;2021-10-22;000119;SW;0059;2021-11-03;2690.00;USD;N;2021-10-25T13:30:15Z
FE777221A8E4645C17002DF03754AB66;DF657221A8E4645C17002DF03754AB66;0004;2021-10-22;000569;SW;0059;2021-11-03;2690.00;USD;N;2021-10-25T13:30:15Z
FF777221A8E4645C17002DF03754AB66;E0657221A8E4645C17002DF03754AB66;0001;2021-10-25;000639;EA;0403;2021-11-02;1989.00;EUR;N;2021-10-19T07:54:15Z
00787221A8E4645C17002DF03754AB66;E0657221A8E4645C17002DF03754AB66;0002;2021-10-25;000284;EA;0403;2021-11-02;1989.00;EUR;N;2021-10-19T07:54:15Z
01787221A8E4645C17002DF03754AB66;E0657221A8E4645C17002DF03754AB66;0003;2021-11-02;000639;SW;0059;2021-11-03;2690.00;USD;N;2021-10-19T07:54:15Z
02787221A8E4645C17002DF03754AB66;E0657221A8E4645C17002DF03754AB66;0004;2021-11-02;000284;SW;0059;2021-11-03;2690.00;USD;N;2021-10-19T07:54:15Z
03787221A8E4645C17002DF03754AB66;E1657221A8E4645C17002DF03754AB66;0001;2021-10-15;000154;EA;0403;2021-11-02;1989.00;EUR;N;2021-10-17T11:37:28Z
04787221A8E4645C17002DF03754AB66;E1657221A8E4645C17002DF03754AB66;0002;2021-10-15;000176;EA;0403;2021-11-02;1989.00;EUR;N;2021-10-17T11:37:28Z
05787221A8E4645C17002DF03754AB66;E1657221A8E4645C17002DF03754AB66;0003;2021-10-27;000154;SW;0059;2021-11-03;2690.00;USD;N;2021-10-17T11:37:28Z
06787221A8E4645C17002DF03754AB66;E1657221A8E4645C17002DF03754AB66;0004;2021-10-27;000176;SW;0059;2021-11-03;2690.00;USD;N;2021-10-17T11:37:28Z
07787221A8E4645C17002DF03754AB66;E1657221A8E4645C17002DF03754AB66;0005;2021-11-04;000154;SW;0001;2021-11-04;3651.00;SGD;N;2021-10-17T11:37:28Z
08787221A8E4645C17002DF03754AB66;E1657221A8E4645C17002DF03754AB66;0006;2021-11-04;000176;SW;0001;2021-11-04;3651.00;SGD;N;2021-10-17T11:37:28Z
09787221A8E4645C17002DF03754AB66;E1657221A8E4645C17002DF03754AB66;0007;2021-10-27;000154;SW;0002;2021-11-05;3380.00;SGD;N;2021-10-17T11:37:28Z
0A787221A8E4645C17002DF03754AB66;E1657221A8E4645C17002DF03754AB66;0008;2021-10-27;000176;SW;0002;2021-11-05;3380.00;SGD;N;2021-10-17T11:37:28Z
0B787221A8E4645C17002DF03754AB66;E1657221A8E4645C17002DF03754AB66;0009;2022-08-31;000154;SW;0001;2022-08-31;3380.00;SGD;N;2021-10-17T11:37:28Z
0C787221A8E4645C17002DF03754AB66;E1657221A8E4645C17002DF03754AB66;0010;2022-08-31;000176;SW;0001;2022-08-31;3380.00;SGD;N;2021-10-17T11:37:28Z
0D787221A8E4645C17002DF03754AB66;E2657221A8E4645C17002DF03754AB66;0001;2021-10-13;000199;EA;0403;2021-11-02;1989.00;EUR;N;2021-10-18T08:48:29Z
0E787221A8E4645C17002DF03754AB66;E2657221A8E4645C17002DF03754AB66;0002;2021-10-13;000295;EA;0403;2021-11-02;1989.00;EUR;N;2021-10-18T08:48:29Z
0F787221A8E4645C17002DF03754AB66;E2657221A8E4645C17002DF03754AB66;0003;2021-10-13;000359;EA;0403;2021-11-02;1989.00;EUR;N;2021-10-18T08:48:29Z
10787221A8E4645C17002DF03754AB66;E2657221A8E4645C17002DF03754AB66;0004;2021-10-30;000199;SW;0059;2021-11-03;2690.00;USD;N;2021-10-18T08:48:29Z
11787221A8E4645C17002DF03754AB66;E2657221A8E4645C17002DF03754AB66;0005;2021-10-30;000295;SW;0059;2021-11-03;2690.00;USD;N;2021-10-18T08:48:29Z
12787221A8E4645C17002DF03754AB66;E2657221A8E4645C17002DF03754AB66;0006;2021-10-30;000359;SW;0059;2021-11-03;2690.00;USD;N;2021-10-18T08:48:29Z
13787221A8E4645C17002DF03754AB66;E3657221A8E4645C17002DF03754AB66;0001;2021-10-16;000071;EA;0403;2021-11-02;2051.00;EUR;N;2021-10-05T00:10:14Z
14787221A8E4645C17002DF03754AB66;E3657221A8E4645C17002DF03754AB66;0002;2021-10-16;000163;EA;0403;2021-11-02;2051.00;EUR;N;2021-10-05T00:10:14Z
15787221A8E4645C17002DF03754AB66;E3657221A8E4645C17002DF03754AB66;0003;2021-10-16;000097;EA;0403;2021-11-02;2051.00;EUR;N;2021-10-05T00:10:14Z
16787221A8E4645C17002DF03754AB66;E3657221A8E4645C17002DF03754AB66;0004;2021-10-20;000071;SW;0059;2021-11-03;2690.00;USD;N;2021-10-05T00:10:14Z
17787221A8E4645C17002DF03754AB66;E3657221A8E4645C17002DF03754AB66;0005;2021-10-20;000163;SW;0059;2021-11-03;2690.00;USD;N;2021-10-05T00:10:14Z
18787221A8E4645C17002DF03754AB66;E3657221A8E4645C17002DF03754AB66;0006;2021-10-20;000097;SW;0059;2021-11-03;2690.00;USD;N;2021-10-05T00:10:14Z
19787221A8E4645C17002DF03754AB66;E4657221A8E4645C17002DF03754AB66;0001;2021-10-27;000686;EA;0403;2021-11-02;2113.00;EUR;N;2021-10-07T04:53:30Z
1A787221A8E4645C17002DF03754AB66;E5657221A8E4645C17002DF03754AB66;0001;2021-10-17;000697;EA;0403;2021-11-02;2113.00;EUR;N;2021-10-13T01:29:18Z
1B787221A8E4645C17002DF03754AB66;E5657221A8E4645C17002DF03754AB66;0002;2021-11-01;000697;SW;0059;2021-11-03;2690.00;USD;N;2021-10-13T01:29:18Z
1C787221A8E4645C17002DF03754AB66;E5657221A8E4645C17002DF03754AB66;0003;2021-10-21;000697;SW;0001;2021-11-04;3651.00;SGD;N;2021-10-13T01:29:18Z
1D787221A8E4645C17002DF03754AB66;E5657221A8E4645C17002DF03754AB66;0004;2021-10-25;000697;SW;0002;2021-11-05;3380.00;SGD;N;2021-10-13T01:29:18Z
1E787221A8E4645C17002DF03754AB66;E5657221A8E4645C17002DF03754AB66;0005;2022-08-22;000697;SW;0001;2022-08-31;3380.00;SGD;N;2021-10-13T01:29:18Z
1F787221A8E4645C17002DF03754AB66;E6657221A8E4645C17002DF03754AB66;0001;2021-10-25;000475;EA;0403;2021-11-02;2113.00;EUR;N;2021-10-22T03:58:13Z
20787221A8E4645C17002DF03754AB66;E6657221A8E4645C17002DF03754AB66;0002;2021-10-22;000475;SW;0059;2021-11-03;2690.00;USD;N;2021-10-22T03:58:13Z
21787221A8E4645C17002DF03754AB66;E7657221A8E4645C17002DF03754AB66;0001;2021-10-17;000552;EA;0403;2021-11-02;2113.00;EUR;N;2021-10-15T04:30:19Z
22787221A8E4645C17002DF03754AB66;E7657221A8E4645C17002DF03754AB66;0002;2021-10-17;000044;EA;0403;2021-11-02;2113.00;EUR;N;2021-10-15T04:30:19Z
23787221A8E4645C17002DF03754AB66;E7657221A8E4645C17002DF03754AB66;0003;2021-10-27;000552;SW;0059;2021-11-03;2786.00;USD;N;2021-10-15T04:30:19Z
24787221A8E4645C17002DF03754AB66;E7657221A8E4645C17002DF03754AB66;0004;2021-10-27;000044;SW;0059;2021-11-03;2786.00;USD;N;2021-10-15T04:30:19Z
